run_number,activation,optimizer,structure,dataset,mse_train,mse_val,mse_test,epochs_run,fit_time_sec
1,relu,Adam,[32],Dane1_standardise,0.47207,0.48539,0.463529,11,2.29
2,relu,Adam,[32],Dane1_standardise,0.454111,0.514562,0.458935,15,2.61
3,relu,Adam,[32],Dane1_standardise,0.521241,0.508679,0.503945,11,2.06
4,relu,Adam,[32],Dane1_standardise,0.467635,0.515642,0.465857,12,2.29
5,relu,Adam,[32],Dane1_standardise,0.451124,0.517464,0.456559,16,2.78
6,relu,Adam,[32],Dane1_standardise,0.459452,0.505987,0.461772,11,2.17
7,relu,Adam,[32],Dane1_standardise,0.481826,0.469966,0.4688,12,2.4
8,relu,Adam,[32],Dane1_standardise,0.450782,0.518525,0.456993,16,2.76
9,relu,Adam,[32],Dane1_standardise,0.484444,0.470702,0.469279,12,2.35
10,relu,Adam,[32],Dane1_standardise,0.450097,0.508396,0.454293,21,3.4
1,relu,Adam,[32],Dane1_raw,0.456198,0.524955,0.461073,26,4.01
2,relu,Adam,[32],Dane1_raw,0.476212,0.472718,0.465918,13,2.39
3,relu,Adam,[32],Dane1_raw,0.44165,0.500028,0.442819,29,4.38
4,relu,Adam,[32],Dane1_raw,0.490554,0.489856,0.477944,11,2.12
5,relu,Adam,[32],Dane1_raw,0.442736,0.510641,0.445949,22,3.53
6,relu,Adam,[32],Dane1_raw,0.462564,0.500698,0.462109,12,2.26
7,relu,Adam,[32],Dane1_raw,0.443578,0.50599,0.446806,20,3.55
8,relu,Adam,[32],Dane1_raw,0.495561,0.468967,0.478874,11,2.14
9,relu,Adam,[32],Dane1_raw,0.451939,0.503317,0.45412,40,5.78
10,relu,Adam,[32],Dane1_raw,0.446135,0.506542,0.449437,17,2.93
1,relu,Adam,[32],Dane2_standardise,0.000576,0.000503,0.000461,334,37.57
2,relu,Adam,[32],Dane2_standardise,0.000772,0.000558,0.000761,244,27.48
3,relu,Adam,[32],Dane2_standardise,0.007513,0.004376,0.00584,45,5.75
4,relu,Adam,[32],Dane2_standardise,0.000898,0.001096,0.000818,109,12.72
5,relu,Adam,[32],Dane2_standardise,0.007463,0.003734,0.005877,60,7.46
6,relu,Adam,[32],Dane2_standardise,0.00092,0.001359,0.00098,300,33.65
7,relu,Adam,[32],Dane2_standardise,0.000568,0.000401,0.00054,320,35.69
8,relu,Adam,[32],Dane2_standardise,0.003103,0.002431,0.002256,81,9.79
9,relu,Adam,[32],Dane2_standardise,0.000804,0.000669,0.000833,278,31.67
10,relu,Adam,[32],Dane2_standardise,0.006688,0.005038,0.005787,59,7.53
1,relu,Adam,[32],Dane2_raw,0.002069,0.001433,0.001531,367,41.03
2,relu,Adam,[32],Dane2_raw,0.001751,0.000925,0.001263,465,51.87
3,relu,Adam,[32],Dane2_raw,0.008331,0.006644,0.007548,104,12.27
4,relu,Adam,[32],Dane2_raw,0.008412,0.006963,0.007744,94,11.2
5,relu,Adam,[32],Dane2_raw,0.002053,0.001405,0.001494,252,28.67
6,relu,Adam,[32],Dane2_raw,0.001192,0.000703,0.000965,384,42.76
7,relu,Adam,[32],Dane2_raw,0.002107,0.001454,0.001632,370,41.33
8,relu,Adam,[32],Dane2_raw,0.001785,0.000891,0.001359,283,31.7
9,relu,Adam,[32],Dane2_raw,0.002152,0.001445,0.001673,358,40.68
10,relu,Adam,[32],Dane2_raw,0.002247,0.001555,0.001838,238,26.73
1,relu,Adam,"[32, 16]",Dane1_standardise,0.469741,0.497387,0.464464,11,2.3
2,relu,Adam,"[32, 16]",Dane1_standardise,0.156531,0.15448,0.16294,138,23.8
3,relu,Adam,"[32, 16]",Dane1_standardise,0.183534,0.194445,0.194051,155,22.44
4,relu,Adam,"[32, 16]",Dane1_standardise,0.173024,0.183634,0.182262,113,15.77
5,relu,Adam,"[32, 16]",Dane1_standardise,0.485218,0.511126,0.478473,11,2.39
6,relu,Adam,"[32, 16]",Dane1_standardise,0.465828,0.481477,0.458552,11,2.4
7,relu,Adam,"[32, 16]",Dane1_standardise,0.495895,0.48382,0.480187,11,2.42
8,relu,Adam,"[32, 16]",Dane1_standardise,0.195683,0.190139,0.201105,148,20.25
9,relu,Adam,"[32, 16]",Dane1_standardise,0.458843,0.507738,0.458872,12,2.52
10,relu,Adam,"[32, 16]",Dane1_standardise,0.196132,0.21131,0.204708,104,14.54
1,relu,Adam,"[32, 16]",Dane1_raw,0.179752,0.177827,0.188946,165,22.43
2,relu,Adam,"[32, 16]",Dane1_raw,0.470126,0.494409,0.466194,12,3.03
3,relu,Adam,"[32, 16]",Dane1_raw,0.201477,0.20279,0.20757,138,23.18
4,relu,Adam,"[32, 16]",Dane1_raw,0.194341,0.164885,0.19332,101,17.84
5,relu,Adam,"[32, 16]",Dane1_raw,0.45118,0.501887,0.450833,19,4.18
6,relu,Adam,"[32, 16]",Dane1_raw,0.451777,0.503768,0.452783,13,3.24
7,relu,Adam,"[32, 16]",Dane1_raw,0.466503,0.475487,0.457546,18,4.61
8,relu,Adam,"[32, 16]",Dane1_raw,0.223829,0.23982,0.226877,94,15.52
9,relu,Adam,"[32, 16]",Dane1_raw,0.463749,0.489144,0.459768,12,2.88
10,relu,Adam,"[32, 16]",Dane1_raw,0.184073,0.171879,0.188329,122,19.52
1,relu,Adam,"[32, 16]",Dane2_standardise,0.008602,0.005062,0.006441,33,5.5
2,relu,Adam,"[32, 16]",Dane2_standardise,0.010231,0.00546,0.007634,34,5.69
3,relu,Adam,"[32, 16]",Dane2_standardise,0.004845,0.00337,0.004372,40,6.48
4,relu,Adam,"[32, 16]",Dane2_standardise,0.008514,0.007434,0.007906,34,5.66
5,relu,Adam,"[32, 16]",Dane2_standardise,0.006408,0.005321,0.00525,33,5.89
6,relu,Adam,"[32, 16]",Dane2_standardise,0.012935,0.006551,0.011414,27,4.82
7,relu,Adam,"[32, 16]",Dane2_standardise,0.000762,0.000542,0.000995,182,24.78
8,relu,Adam,"[32, 16]",Dane2_standardise,0.003378,0.001829,0.002513,41,6.5
9,relu,Adam,"[32, 16]",Dane2_standardise,0.012068,0.004776,0.009971,30,6.25
10,relu,Adam,"[32, 16]",Dane2_standardise,0.005841,0.003151,0.004968,43,6.88
1,relu,Adam,"[32, 16]",Dane2_raw,0.001559,0.000938,0.000983,155,27.15
2,relu,Adam,"[32, 16]",Dane2_raw,0.001269,0.000663,0.000772,170,23.51
3,relu,Adam,"[32, 16]",Dane2_raw,0.001214,0.000752,0.000976,108,17.24
4,relu,Adam,"[32, 16]",Dane2_raw,0.000562,0.000473,0.00038,217,33.11
5,relu,Adam,"[32, 16]",Dane2_raw,0.000512,0.000381,0.000338,271,40.54
6,relu,Adam,"[32, 16]",Dane2_raw,0.000673,0.000451,0.000493,186,28.33
7,relu,Adam,"[32, 16]",Dane2_raw,0.000754,0.000388,0.000521,120,19.17
8,relu,Adam,"[32, 16]",Dane2_raw,0.000831,0.000495,0.000544,232,35.14
9,relu,Adam,"[32, 16]",Dane2_raw,0.001559,0.000842,0.001039,243,37.15
10,relu,Adam,"[32, 16]",Dane2_raw,0.000439,0.000367,0.000319,209,34.14
1,relu,Adam,"[32, 32]",Dane1_standardise,0.191569,0.185799,0.197625,99,17.38
2,relu,Adam,"[32, 32]",Dane1_standardise,0.184609,0.186553,0.192397,95,16.43
3,relu,Adam,"[32, 32]",Dane1_standardise,0.190959,0.191307,0.19815,102,18.38
4,relu,Adam,"[32, 32]",Dane1_standardise,0.014657,0.019012,0.009769,351,56.1
5,relu,Adam,"[32, 32]",Dane1_standardise,0.132668,0.137786,0.142536,164,22.4
6,relu,Adam,"[32, 32]",Dane1_standardise,0.183759,0.186132,0.191563,95,13.34
7,relu,Adam,"[32, 32]",Dane1_standardise,0.465557,0.494024,0.461078,11,2.32
8,relu,Adam,"[32, 32]",Dane1_standardise,0.459308,0.495741,0.457189,11,2.33
9,relu,Adam,"[32, 32]",Dane1_standardise,0.46129,0.491397,0.459006,11,2.38
10,relu,Adam,"[32, 32]",Dane1_standardise,0.015666,0.021468,0.012417,332,44.03
1,relu,Adam,"[32, 32]",Dane1_raw,0.459669,0.496467,0.458028,20,3.46
2,relu,Adam,"[32, 32]",Dane1_raw,0.411199,0.464033,0.409757,30,4.74
3,relu,Adam,"[32, 32]",Dane1_raw,0.217514,0.207012,0.219881,90,12.57
4,relu,Adam,"[32, 32]",Dane1_raw,0.471137,0.479019,0.462106,12,2.43
5,relu,Adam,"[32, 32]",Dane1_raw,0.509343,0.475786,0.487523,26,4.61
6,relu,Adam,"[32, 32]",Dane1_raw,0.47183,0.492578,0.462857,17,3.82
7,relu,Adam,"[32, 32]",Dane1_raw,0.205063,0.188314,0.20461,94,13.33
8,relu,Adam,"[32, 32]",Dane1_raw,0.476711,0.479882,0.467151,14,2.69
9,relu,Adam,"[32, 32]",Dane1_raw,0.463731,0.476192,0.455542,14,2.69
10,relu,Adam,"[32, 32]",Dane1_raw,0.453402,0.503295,0.455385,12,2.43
1,relu,Adam,"[32, 32]",Dane2_standardise,0.000421,0.000248,0.000436,253,29.91
2,relu,Adam,"[32, 32]",Dane2_standardise,0.016541,0.006403,0.015096,26,3.92
3,relu,Adam,"[32, 32]",Dane2_standardise,0.010365,0.006193,0.008369,25,3.75
4,relu,Adam,"[32, 32]",Dane2_standardise,0.01055,0.007544,0.010075,24,3.64
5,relu,Adam,"[32, 32]",Dane2_standardise,0.007209,0.005471,0.005838,32,4.57
6,relu,Adam,"[32, 32]",Dane2_standardise,0.009518,0.005107,0.006814,34,4.79
7,relu,Adam,"[32, 32]",Dane2_standardise,0.013208,0.01037,0.013184,27,4.02
8,relu,Adam,"[32, 32]",Dane2_standardise,0.008314,0.005918,0.007859,37,5.12
9,relu,Adam,"[32, 32]",Dane2_standardise,0.009199,0.004898,0.008314,34,4.87
10,relu,Adam,"[32, 32]",Dane2_standardise,0.008552,0.004572,0.007079,29,5.7
1,relu,Adam,"[32, 32]",Dane2_raw,0.001226,0.000607,0.000905,99,16.36
2,relu,Adam,"[32, 32]",Dane2_raw,0.000701,0.000429,0.000399,205,29.2
3,relu,Adam,"[32, 32]",Dane2_raw,0.00143,0.000802,0.000929,269,39.42
4,relu,Adam,"[32, 32]",Dane2_raw,0.000565,0.000487,0.000411,112,17.82
5,relu,Adam,"[32, 32]",Dane2_raw,0.000457,0.000332,0.000308,188,26.79
6,relu,Adam,"[32, 32]",Dane2_raw,0.001123,0.000621,0.000776,103,15.77
7,relu,Adam,"[32, 32]",Dane2_raw,0.000664,0.000396,0.000429,204,29.7
8,relu,Adam,"[32, 32]",Dane2_raw,0.000392,0.000313,0.000245,242,34.76
9,relu,Adam,"[32, 32]",Dane2_raw,0.000848,0.000464,0.00056,118,17.21
10,relu,Adam,"[32, 32]",Dane2_raw,0.002018,0.001381,0.001503,144,21.52
1,relu,Adam,"[64, 64, 32]",Dane1_standardise,0.00924,0.011955,0.003849,152,27.16
2,relu,Adam,"[64, 64, 32]",Dane1_standardise,0.018744,0.024852,0.016387,98,18.67
3,relu,Adam,"[64, 64, 32]",Dane1_standardise,0.014575,0.017279,0.010053,131,25.57
4,relu,Adam,"[64, 64, 32]",Dane1_standardise,0.009689,0.012812,0.00474,132,23.0
5,relu,Adam,"[64, 64, 32]",Dane1_standardise,0.010239,0.014064,0.004678,138,24.13
6,relu,Adam,"[64, 64, 32]",Dane1_standardise,0.013166,0.015389,0.007932,131,22.46
7,relu,Adam,"[64, 64, 32]",Dane1_standardise,0.010675,0.0149,0.005702,107,19.83
8,relu,Adam,"[64, 64, 32]",Dane1_standardise,0.010871,0.01592,0.006447,111,20.01
9,relu,Adam,"[64, 64, 32]",Dane1_standardise,0.013174,0.015714,0.007221,112,22.54
10,relu,Adam,"[64, 64, 32]",Dane1_standardise,0.00914,0.009992,0.002634,143,24.78
1,relu,Adam,"[64, 64, 32]",Dane1_raw,0.011712,0.01519,0.007165,173,29.6
2,relu,Adam,"[64, 64, 32]",Dane1_raw,0.013374,0.015889,0.008047,150,25.33
3,relu,Adam,"[64, 64, 32]",Dane1_raw,0.474125,0.473442,0.463236,12,4.34
4,relu,Adam,"[64, 64, 32]",Dane1_raw,0.010177,0.013717,0.005571,148,25.34
5,relu,Adam,"[64, 64, 32]",Dane1_raw,0.010444,0.014667,0.006006,138,23.95
6,relu,Adam,"[64, 64, 32]",Dane1_raw,0.184859,0.147615,0.181863,57,9.72
7,relu,Adam,"[64, 64, 32]",Dane1_raw,0.084853,0.082588,0.09077,95,16.75
8,relu,Adam,"[64, 64, 32]",Dane1_raw,0.02323,0.027613,0.022301,180,31.95
9,relu,Adam,"[64, 64, 32]",Dane1_raw,0.011704,0.012663,0.006143,154,28.21
10,relu,Adam,"[64, 64, 32]",Dane1_raw,0.155962,0.112671,0.150452,65,12.72
1,relu,Adam,"[64, 64, 32]",Dane2_standardise,0.010834,0.00834,0.011438,19,4.09
2,relu,Adam,"[64, 64, 32]",Dane2_standardise,0.014313,0.007243,0.011253,19,4.13
3,relu,Adam,"[64, 64, 32]",Dane2_standardise,0.000576,0.000168,0.000617,118,17.82
4,relu,Adam,"[64, 64, 32]",Dane2_standardise,0.011795,0.006767,0.009549,19,4.3
5,relu,Adam,"[64, 64, 32]",Dane2_standardise,0.012073,0.007074,0.010577,18,4.13
6,relu,Adam,"[64, 64, 32]",Dane2_standardise,0.009644,0.006006,0.0085,20,4.37
7,relu,Adam,"[64, 64, 32]",Dane2_standardise,0.011793,0.006227,0.009745,19,4.29
8,relu,Adam,"[64, 64, 32]",Dane2_standardise,0.011562,0.006238,0.01086,19,4.25
9,relu,Adam,"[64, 64, 32]",Dane2_standardise,0.000662,0.000404,0.000839,102,15.73
10,relu,Adam,"[64, 64, 32]",Dane2_standardise,0.011337,0.006419,0.009679,18,3.78
1,relu,Adam,"[64, 64, 32]",Dane2_raw,0.000396,0.000317,0.000289,93,14.65
2,relu,Adam,"[64, 64, 32]",Dane2_raw,0.000282,0.000237,0.000188,91,14.95
3,relu,Adam,"[64, 64, 32]",Dane2_raw,0.000157,0.00013,0.000124,159,24.53
4,relu,Adam,"[64, 64, 32]",Dane2_raw,0.000463,0.000336,0.000288,75,13.16
5,relu,Adam,"[64, 64, 32]",Dane2_raw,0.000204,0.00016,0.000129,160,24.93
6,relu,Adam,"[64, 64, 32]",Dane2_raw,0.000437,0.000381,0.000348,97,15.61
7,relu,Adam,"[64, 64, 32]",Dane2_raw,0.000336,0.00032,0.0003,79,13.48
8,relu,Adam,"[64, 64, 32]",Dane2_raw,0.000261,0.000205,0.00018,85,13.46
9,relu,Adam,"[64, 64, 32]",Dane2_raw,0.000309,0.000274,0.000234,96,15.34
10,relu,Adam,"[64, 64, 32]",Dane2_raw,0.000316,0.00027,0.000182,89,14.13
1,relu,Adam,"[128, 128, 64]",Dane1_standardise,0.010557,0.01351,0.005443,104,19.54
2,relu,Adam,"[128, 128, 64]",Dane1_standardise,0.011754,0.015474,0.006386,85,16.95
3,relu,Adam,"[128, 128, 64]",Dane1_standardise,0.009854,0.011362,0.004331,101,17.71
4,relu,Adam,"[128, 128, 64]",Dane1_standardise,0.011594,0.016484,0.007139,72,12.72
5,relu,Adam,"[128, 128, 64]",Dane1_standardise,0.010623,0.010858,0.004052,114,18.3
6,relu,Adam,"[128, 128, 64]",Dane1_standardise,0.010656,0.012139,0.005289,110,15.96
7,relu,Adam,"[128, 128, 64]",Dane1_standardise,0.011041,0.015757,0.00575,86,12.76
8,relu,Adam,"[128, 128, 64]",Dane1_standardise,0.010856,0.011183,0.004094,114,16.67
9,relu,Adam,"[128, 128, 64]",Dane1_standardise,0.011895,0.011909,0.005731,111,16.11
10,relu,Adam,"[128, 128, 64]",Dane1_standardise,0.011046,0.01323,0.00536,101,14.84
1,relu,Adam,"[128, 128, 64]",Dane1_raw,0.010729,0.013853,0.005027,138,23.9
2,relu,Adam,"[128, 128, 64]",Dane1_raw,0.015875,0.019144,0.01129,111,21.09
3,relu,Adam,"[128, 128, 64]",Dane1_raw,0.010665,0.016387,0.00691,106,19.42
4,relu,Adam,"[128, 128, 64]",Dane1_raw,0.012096,0.016172,0.008234,127,21.67
5,relu,Adam,"[128, 128, 64]",Dane1_raw,0.012272,0.012943,0.005662,135,23.69
6,relu,Adam,"[128, 128, 64]",Dane1_raw,0.011456,0.017135,0.007911,123,23.14
7,relu,Adam,"[128, 128, 64]",Dane1_raw,0.012427,0.01465,0.00602,144,27.85
8,relu,Adam,"[128, 128, 64]",Dane1_raw,0.018429,0.019949,0.012974,103,19.53
9,relu,Adam,"[128, 128, 64]",Dane1_raw,0.013313,0.019755,0.00951,112,20.64
10,relu,Adam,"[128, 128, 64]",Dane1_raw,0.015525,0.018389,0.010738,117,22.22
1,relu,Adam,"[128, 128, 64]",Dane2_standardise,0.016466,0.008852,0.01384,17,4.36
2,relu,Adam,"[128, 128, 64]",Dane2_standardise,0.001129,0.000337,0.001453,76,12.99
3,relu,Adam,"[128, 128, 64]",Dane2_standardise,0.018881,0.00893,0.016691,16,3.86
4,relu,Adam,"[128, 128, 64]",Dane2_standardise,0.000512,0.000253,0.000495,96,16.05
5,relu,Adam,"[128, 128, 64]",Dane2_standardise,0.000573,0.000158,0.000527,112,18.16
6,relu,Adam,"[128, 128, 64]",Dane2_standardise,0.00054,0.000334,0.000526,98,15.74
7,relu,Adam,"[128, 128, 64]",Dane2_standardise,0.011841,0.007721,0.009167,17,4.01
8,relu,Adam,"[128, 128, 64]",Dane2_standardise,0.000996,0.000338,0.001152,88,14.34
9,relu,Adam,"[128, 128, 64]",Dane2_standardise,0.016034,0.008798,0.014929,16,3.9
10,relu,Adam,"[128, 128, 64]",Dane2_standardise,0.011503,0.006775,0.008859,19,4.42
1,relu,Adam,"[128, 128, 64]",Dane2_raw,0.000295,0.000277,0.000237,77,12.82
2,relu,Adam,"[128, 128, 64]",Dane2_raw,0.000158,0.000148,0.000182,108,16.96
3,relu,Adam,"[128, 128, 64]",Dane2_raw,0.00033,0.000314,0.00025,50,7.14
4,relu,Adam,"[128, 128, 64]",Dane2_raw,0.000192,0.000172,0.00017,108,21.15
5,relu,Adam,"[128, 128, 64]",Dane2_raw,0.000108,7.9e-05,0.000117,107,19.71
6,relu,Adam,"[128, 128, 64]",Dane2_raw,0.000343,0.000233,0.000181,48,9.14
7,relu,Adam,"[128, 128, 64]",Dane2_raw,0.000263,0.000315,0.000263,70,13.45
8,relu,Adam,"[128, 128, 64]",Dane2_raw,0.000318,0.000316,0.000284,65,11.54
9,relu,Adam,"[128, 128, 64]",Dane2_raw,0.000195,0.00018,0.000156,81,13.37
10,relu,Adam,"[128, 128, 64]",Dane2_raw,0.000341,0.000324,0.000253,59,8.75
1,relu,Adam,"[256, 256, 128]",Dane1_standardise,0.016993,0.017595,0.011648,57,11.19
2,relu,Adam,"[256, 256, 128]",Dane1_standardise,0.011374,0.012227,0.005509,66,14.01
3,relu,Adam,"[256, 256, 128]",Dane1_standardise,0.010279,0.014392,0.005655,76,16.38
4,relu,Adam,"[256, 256, 128]",Dane1_standardise,0.009671,0.009823,0.00289,89,19.98
5,relu,Adam,"[256, 256, 128]",Dane1_standardise,0.020257,0.023261,0.015674,55,11.54
6,relu,Adam,"[256, 256, 128]",Dane1_standardise,0.012448,0.016254,0.007137,65,13.45
7,relu,Adam,"[256, 256, 128]",Dane1_standardise,0.009669,0.012638,0.00416,75,15.94
8,relu,Adam,"[256, 256, 128]",Dane1_standardise,0.009356,0.012789,0.003902,77,15.63
9,relu,Adam,"[256, 256, 128]",Dane1_standardise,0.011206,0.014416,0.006124,66,13.31
10,relu,Adam,"[256, 256, 128]",Dane1_standardise,0.011772,0.014336,0.005176,72,15.49
1,relu,Adam,"[256, 256, 128]",Dane1_raw,0.025994,0.033299,0.022117,70,15.52
2,relu,Adam,"[256, 256, 128]",Dane1_raw,0.018903,0.021364,0.015226,90,18.62
3,relu,Adam,"[256, 256, 128]",Dane1_raw,0.011725,0.016126,0.007099,91,19.26
4,relu,Adam,"[256, 256, 128]",Dane1_raw,0.10257,0.092839,0.107397,42,9.48
5,relu,Adam,"[256, 256, 128]",Dane1_raw,0.015806,0.016803,0.009891,105,21.77
6,relu,Adam,"[256, 256, 128]",Dane1_raw,0.022269,0.026496,0.01826,80,17.68
7,relu,Adam,"[256, 256, 128]",Dane1_raw,0.009661,0.012839,0.005166,108,21.84
8,relu,Adam,"[256, 256, 128]",Dane1_raw,0.095943,0.083531,0.097319,47,10.83
9,relu,Adam,"[256, 256, 128]",Dane1_raw,0.016521,0.021803,0.011905,78,16.45
10,relu,Adam,"[256, 256, 128]",Dane1_raw,0.014207,0.019253,0.00965,73,16.17
1,relu,Adam,"[256, 256, 128]",Dane2_standardise,0.000851,0.000487,0.000972,72,12.93
2,relu,Adam,"[256, 256, 128]",Dane2_standardise,0.0009,0.000174,0.001051,102,17.79
3,relu,Adam,"[256, 256, 128]",Dane2_standardise,0.014485,0.010037,0.012211,15,3.9
4,relu,Adam,"[256, 256, 128]",Dane2_standardise,0.00097,0.00042,0.001452,67,11.66
5,relu,Adam,"[256, 256, 128]",Dane2_standardise,0.001016,0.00045,0.001483,64,10.59
6,relu,Adam,"[256, 256, 128]",Dane2_standardise,0.000736,0.000283,0.000875,65,11.35
7,relu,Adam,"[256, 256, 128]",Dane2_standardise,0.000699,0.000201,0.000748,71,12.85
8,relu,Adam,"[256, 256, 128]",Dane2_standardise,0.001312,0.000427,0.001707,61,10.45
9,relu,Adam,"[256, 256, 128]",Dane2_standardise,0.000733,0.000182,0.00077,77,13.59
10,relu,Adam,"[256, 256, 128]",Dane2_standardise,0.000796,0.00035,0.000747,76,13.13
1,relu,Adam,"[256, 256, 128]",Dane2_raw,0.000114,9.1e-05,9.3e-05,116,20.63
2,relu,Adam,"[256, 256, 128]",Dane2_raw,0.000135,0.000103,0.000122,101,18.0
3,relu,Adam,"[256, 256, 128]",Dane2_raw,0.000236,0.000252,0.000234,73,14.1
4,relu,Adam,"[256, 256, 128]",Dane2_raw,0.000182,0.000139,0.00013,66,12.52
5,relu,Adam,"[256, 256, 128]",Dane2_raw,0.000203,0.000215,0.000275,68,14.18
6,relu,Adam,"[256, 256, 128]",Dane2_raw,0.000219,0.000249,0.000234,68,12.42
7,relu,Adam,"[256, 256, 128]",Dane2_raw,0.000268,0.000268,0.000254,73,13.38
8,relu,Adam,"[256, 256, 128]",Dane2_raw,0.000199,0.000169,0.000209,64,11.67
9,relu,Adam,"[256, 256, 128]",Dane2_raw,0.000281,0.000307,0.000222,50,9.32
10,relu,Adam,"[256, 256, 128]",Dane2_raw,0.00028,0.00036,0.000298,52,10.04
1,relu,AdamW,[32],Dane1_standardise,0.458698,0.523271,0.461413,15,3.89
2,relu,AdamW,[32],Dane1_standardise,0.455627,0.511739,0.459517,11,2.35
3,relu,AdamW,[32],Dane1_standardise,0.469016,0.483601,0.460733,11,2.24
4,relu,AdamW,[32],Dane1_standardise,0.462997,0.488923,0.459839,11,2.22
5,relu,AdamW,[32],Dane1_standardise,0.466948,0.513119,0.465207,12,2.51
6,relu,AdamW,[32],Dane1_standardise,0.446377,0.51893,0.452517,22,3.92
7,relu,AdamW,[32],Dane1_standardise,0.496084,0.464409,0.477974,11,2.21
8,relu,AdamW,[32],Dane1_standardise,0.463186,0.513371,0.467045,11,3.12
9,relu,AdamW,[32],Dane1_standardise,0.444633,0.520989,0.451376,37,6.75
10,relu,AdamW,[32],Dane1_standardise,0.473431,0.474903,0.463894,11,2.54
1,relu,AdamW,[32],Dane1_raw,0.503723,0.476885,0.487334,13,2.61
2,relu,AdamW,[32],Dane1_raw,0.467227,0.500758,0.46626,12,2.4
3,relu,AdamW,[32],Dane1_raw,0.438854,0.511113,0.442762,32,5.28
4,relu,AdamW,[32],Dane1_raw,0.456354,0.50503,0.458105,13,2.72
5,relu,AdamW,[32],Dane1_raw,0.464935,0.487343,0.460494,12,2.47
6,relu,AdamW,[32],Dane1_raw,0.456782,0.501223,0.457148,13,2.5
7,relu,AdamW,[32],Dane1_raw,0.450475,0.49906,0.450793,17,2.97
8,relu,AdamW,[32],Dane1_raw,0.446639,0.513155,0.450996,29,4.42
9,relu,AdamW,[32],Dane1_raw,0.468496,0.498066,0.464669,11,2.17
10,relu,AdamW,[32],Dane1_raw,0.440441,0.511295,0.444306,36,5.37
1,relu,AdamW,[32],Dane2_standardise,0.00057,0.000595,0.000564,328,37.17
2,relu,AdamW,[32],Dane2_standardise,0.000494,0.000237,0.000392,410,45.8
3,relu,AdamW,[32],Dane2_standardise,0.005046,0.002963,0.004011,73,9.07
4,relu,AdamW,[32],Dane2_standardise,0.007183,0.003823,0.00507,60,7.46
5,relu,AdamW,[32],Dane2_standardise,0.00061,0.000572,0.000395,238,26.88
6,relu,AdamW,[32],Dane2_standardise,0.002046,0.000937,0.001646,84,10.17
7,relu,AdamW,[32],Dane2_standardise,0.008963,0.004344,0.006514,48,6.15
8,relu,AdamW,[32],Dane2_standardise,0.005863,0.003281,0.004227,51,6.47
9,relu,AdamW,[32],Dane2_standardise,0.000685,0.000662,0.000579,331,37.28
10,relu,AdamW,[32],Dane2_standardise,0.000863,0.00077,0.001053,263,29.58
1,relu,AdamW,[32],Dane2_raw,0.001445,0.000719,0.000895,498,55.56
2,relu,AdamW,[32],Dane2_raw,0.002042,0.001226,0.00135,391,43.74
3,relu,AdamW,[32],Dane2_raw,0.007766,0.006197,0.007028,133,15.52
4,relu,AdamW,[32],Dane2_raw,0.006581,0.005371,0.005725,107,12.66
5,relu,AdamW,[32],Dane2_raw,0.000905,0.000648,0.000728,453,50.57
6,relu,AdamW,[32],Dane2_raw,0.001759,0.00083,0.001385,329,37.45
7,relu,AdamW,[32],Dane2_raw,0.002283,0.001623,0.00181,245,28.61
8,relu,AdamW,[32],Dane2_raw,0.00618,0.004834,0.005505,169,20.09
9,relu,AdamW,[32],Dane2_raw,0.007985,0.00646,0.007212,126,14.83
10,relu,AdamW,[32],Dane2_raw,0.002413,0.001744,0.001846,385,43.21
1,relu,AdamW,"[32, 16]",Dane1_standardise,0.475618,0.472383,0.464281,11,2.63
2,relu,AdamW,"[32, 16]",Dane1_standardise,0.458424,0.499355,0.458578,11,4.56
3,relu,AdamW,"[32, 16]",Dane1_standardise,0.466591,0.496147,0.465321,11,2.61
4,relu,AdamW,"[32, 16]",Dane1_standardise,0.500938,0.485974,0.483988,11,2.44
5,relu,AdamW,"[32, 16]",Dane1_standardise,0.45968,0.489598,0.456844,11,2.72
6,relu,AdamW,"[32, 16]",Dane1_standardise,0.458582,0.502204,0.458537,11,2.53
7,relu,AdamW,"[32, 16]",Dane1_standardise,0.459868,0.5016,0.460689,11,2.61
8,relu,AdamW,"[32, 16]",Dane1_standardise,0.460284,0.498849,0.458811,11,2.77
9,relu,AdamW,"[32, 16]",Dane1_standardise,0.462629,0.482092,0.456467,11,2.74
10,relu,AdamW,"[32, 16]",Dane1_standardise,0.458438,0.495467,0.457532,11,2.77
1,relu,AdamW,"[32, 16]",Dane1_raw,0.217868,0.184024,0.212347,121,16.64
2,relu,AdamW,"[32, 16]",Dane1_raw,0.448097,0.502187,0.449996,18,3.41
3,relu,AdamW,"[32, 16]",Dane1_raw,0.450803,0.502897,0.452904,15,3.01
4,relu,AdamW,"[32, 16]",Dane1_raw,0.193878,0.201737,0.201496,108,15.06
5,relu,AdamW,"[32, 16]",Dane1_raw,0.467207,0.501058,0.466522,11,2.45
6,relu,AdamW,"[32, 16]",Dane1_raw,0.206568,0.181991,0.20702,146,19.91
7,relu,AdamW,"[32, 16]",Dane1_raw,0.603249,0.493293,0.567666,11,2.51
8,relu,AdamW,"[32, 16]",Dane1_raw,0.184255,0.174928,0.189806,168,22.88
9,relu,AdamW,"[32, 16]",Dane1_raw,0.199993,0.18428,0.203007,126,17.5
10,relu,AdamW,"[32, 16]",Dane1_raw,0.483141,0.466382,0.468413,11,2.43
1,relu,AdamW,"[32, 16]",Dane2_standardise,0.004048,0.001591,0.002533,49,6.58
2,relu,AdamW,"[32, 16]",Dane2_standardise,0.00786,0.005506,0.007375,35,5.02
3,relu,AdamW,"[32, 16]",Dane2_standardise,0.007545,0.007545,0.00764,34,4.92
4,relu,AdamW,"[32, 16]",Dane2_standardise,0.000484,0.000252,0.000416,239,27.95
5,relu,AdamW,"[32, 16]",Dane2_standardise,0.00789,0.005305,0.007774,38,5.36
6,relu,AdamW,"[32, 16]",Dane2_standardise,0.000335,0.000196,0.000148,275,31.92
7,relu,AdamW,"[32, 16]",Dane2_standardise,0.000572,0.000445,0.000652,224,26.2
8,relu,AdamW,"[32, 16]",Dane2_standardise,0.000648,0.000269,0.00077,171,20.23
9,relu,AdamW,"[32, 16]",Dane2_standardise,0.00885,0.003267,0.006918,42,5.8
10,relu,AdamW,"[32, 16]",Dane2_standardise,0.009742,0.006221,0.009599,33,4.83
1,relu,AdamW,"[32, 16]",Dane2_raw,0.000562,0.000431,0.000374,197,23.09
2,relu,AdamW,"[32, 16]",Dane2_raw,0.000889,0.000482,0.000694,218,25.53
3,relu,AdamW,"[32, 16]",Dane2_raw,0.001477,0.00079,0.000989,292,33.91
4,relu,AdamW,"[32, 16]",Dane2_raw,0.000701,0.000518,0.000464,206,24.19
5,relu,AdamW,"[32, 16]",Dane2_raw,0.001152,0.000776,0.000799,192,22.81
6,relu,AdamW,"[32, 16]",Dane2_raw,0.000471,0.000392,0.000274,429,49.27
7,relu,AdamW,"[32, 16]",Dane2_raw,0.001043,0.000686,0.000779,139,16.73
8,relu,AdamW,"[32, 16]",Dane2_raw,0.001578,0.001011,0.001083,257,29.83
9,relu,AdamW,"[32, 16]",Dane2_raw,0.000511,0.000409,0.00033,191,22.47
10,relu,AdamW,"[32, 16]",Dane2_raw,0.000577,0.00039,0.000374,142,16.99
1,relu,AdamW,"[32, 32]",Dane1_standardise,0.46342,0.487761,0.459737,11,2.53
2,relu,AdamW,"[32, 32]",Dane1_standardise,0.18404,0.190319,0.19461,100,13.95
3,relu,AdamW,"[32, 32]",Dane1_standardise,0.215519,0.2097,0.218703,98,13.7
4,relu,AdamW,"[32, 32]",Dane1_standardise,0.191473,0.182732,0.195737,103,14.39
5,relu,AdamW,"[32, 32]",Dane1_standardise,0.192908,0.210255,0.202549,83,11.77
6,relu,AdamW,"[32, 32]",Dane1_standardise,0.463001,0.484977,0.457858,11,2.47
7,relu,AdamW,"[32, 32]",Dane1_standardise,0.178958,0.166825,0.184496,113,15.67
8,relu,AdamW,"[32, 32]",Dane1_standardise,0.470112,0.505803,0.466862,11,2.44
9,relu,AdamW,"[32, 32]",Dane1_standardise,0.475772,0.473813,0.463959,11,4.55
10,relu,AdamW,"[32, 32]",Dane1_standardise,0.455286,0.508621,0.457472,11,2.48
1,relu,AdamW,"[32, 32]",Dane1_raw,0.478207,0.487676,0.469153,11,2.46
2,relu,AdamW,"[32, 32]",Dane1_raw,0.225418,0.228368,0.225637,82,11.62
3,relu,AdamW,"[32, 32]",Dane1_raw,0.447156,0.465677,0.438049,34,5.68
4,relu,AdamW,"[32, 32]",Dane1_raw,0.185438,0.195082,0.194803,108,15.58
5,relu,AdamW,"[32, 32]",Dane1_raw,0.463751,0.491736,0.460687,13,2.91
6,relu,AdamW,"[32, 32]",Dane1_raw,0.20036,0.204325,0.206985,106,14.78
7,relu,AdamW,"[32, 32]",Dane1_raw,0.198422,0.191402,0.203366,107,15.02
8,relu,AdamW,"[32, 32]",Dane1_raw,0.165248,0.160808,0.172103,151,20.79
9,relu,AdamW,"[32, 32]",Dane1_raw,0.47151,0.4907,0.467912,12,2.61
10,relu,AdamW,"[32, 32]",Dane1_raw,0.476548,0.473543,0.465727,14,2.93
1,relu,AdamW,"[32, 32]",Dane2_standardise,0.000622,0.000357,0.000925,175,20.91
2,relu,AdamW,"[32, 32]",Dane2_standardise,0.000636,0.000237,0.000871,207,24.59
3,relu,AdamW,"[32, 32]",Dane2_standardise,0.011977,0.007417,0.00947,25,4.06
4,relu,AdamW,"[32, 32]",Dane2_standardise,0.015508,0.007106,0.012755,20,3.33
5,relu,AdamW,"[32, 32]",Dane2_standardise,0.008066,0.007392,0.007584,32,4.71
6,relu,AdamW,"[32, 32]",Dane2_standardise,0.008686,0.005188,0.008082,31,4.61
7,relu,AdamW,"[32, 32]",Dane2_standardise,0.009967,0.008655,0.00994,28,4.29
8,relu,AdamW,"[32, 32]",Dane2_standardise,0.007431,0.006825,0.007082,32,4.72
9,relu,AdamW,"[32, 32]",Dane2_standardise,0.010719,0.007131,0.008241,24,3.77
10,relu,AdamW,"[32, 32]",Dane2_standardise,0.007035,0.007109,0.008675,38,5.37
1,relu,AdamW,"[32, 32]",Dane2_raw,0.000685,0.000476,0.000398,211,24.89
2,relu,AdamW,"[32, 32]",Dane2_raw,0.000726,0.000472,0.000534,194,22.97
3,relu,AdamW,"[32, 32]",Dane2_raw,0.000709,0.000466,0.000513,138,16.68
4,relu,AdamW,"[32, 32]",Dane2_raw,0.001411,0.000934,0.001062,240,28.11
5,relu,AdamW,"[32, 32]",Dane2_raw,0.000294,0.000175,0.000165,185,21.92
6,relu,AdamW,"[32, 32]",Dane2_raw,0.000443,0.000324,0.000278,228,26.7
7,relu,AdamW,"[32, 32]",Dane2_raw,0.000545,0.000417,0.000351,180,21.47
8,relu,AdamW,"[32, 32]",Dane2_raw,0.000576,0.000465,0.000437,206,24.33
9,relu,AdamW,"[32, 32]",Dane2_raw,0.000711,0.00054,0.00048,91,11.55
10,relu,AdamW,"[32, 32]",Dane2_raw,0.000492,0.000386,0.000307,108,13.34
1,relu,AdamW,"[64, 64, 32]",Dane1_standardise,0.009078,0.014422,0.004427,123,17.46
2,relu,AdamW,"[64, 64, 32]",Dane1_standardise,0.012832,0.015622,0.007507,141,19.89
3,relu,AdamW,"[64, 64, 32]",Dane1_standardise,0.008448,0.012055,0.003115,218,29.94
4,relu,AdamW,"[64, 64, 32]",Dane1_standardise,0.010689,0.014733,0.005379,159,22.23
5,relu,AdamW,"[64, 64, 32]",Dane1_standardise,0.008183,0.010995,0.002107,138,19.53
6,relu,AdamW,"[64, 64, 32]",Dane1_standardise,0.011271,0.015516,0.00659,166,23.37
7,relu,AdamW,"[64, 64, 32]",Dane1_standardise,0.010817,0.014327,0.006514,143,20.16
8,relu,AdamW,"[64, 64, 32]",Dane1_standardise,0.011719,0.014664,0.005859,132,18.95
9,relu,AdamW,"[64, 64, 32]",Dane1_standardise,0.009432,0.010265,0.003267,171,23.89
10,relu,AdamW,"[64, 64, 32]",Dane1_standardise,0.008842,0.010753,0.002948,138,19.52
1,relu,AdamW,"[64, 64, 32]",Dane1_raw,0.491766,0.471909,0.476731,14,3.09
2,relu,AdamW,"[64, 64, 32]",Dane1_raw,0.015423,0.019722,0.011303,160,22.45
3,relu,AdamW,"[64, 64, 32]",Dane1_raw,0.057343,0.055008,0.0594,106,15.36
4,relu,AdamW,"[64, 64, 32]",Dane1_raw,0.011712,0.015977,0.007,158,22.02
5,relu,AdamW,"[64, 64, 32]",Dane1_raw,0.470523,0.476476,0.46132,12,2.84
6,relu,AdamW,"[64, 64, 32]",Dane1_raw,0.028902,0.027405,0.023792,162,22.49
7,relu,AdamW,"[64, 64, 32]",Dane1_raw,0.015991,0.01796,0.012,152,21.31
8,relu,AdamW,"[64, 64, 32]",Dane1_raw,0.463091,0.490831,0.459429,11,2.74
9,relu,AdamW,"[64, 64, 32]",Dane1_raw,0.010157,0.013379,0.004882,155,24.09
10,relu,AdamW,"[64, 64, 32]",Dane1_raw,0.017905,0.023593,0.01403,138,19.5
1,relu,AdamW,"[64, 64, 32]",Dane2_standardise,0.009793,0.005414,0.007985,20,3.72
2,relu,AdamW,"[64, 64, 32]",Dane2_standardise,0.010108,0.006155,0.011252,18,3.33
3,relu,AdamW,"[64, 64, 32]",Dane2_standardise,0.01602,0.008677,0.013726,16,3.12
4,relu,AdamW,"[64, 64, 32]",Dane2_standardise,0.010646,0.005908,0.009228,20,3.62
5,relu,AdamW,"[64, 64, 32]",Dane2_standardise,0.011461,0.006541,0.009116,19,3.66
6,relu,AdamW,"[64, 64, 32]",Dane2_standardise,0.01477,0.007074,0.012354,20,3.69
7,relu,AdamW,"[64, 64, 32]",Dane2_standardise,0.009193,0.006492,0.008285,22,3.77
8,relu,AdamW,"[64, 64, 32]",Dane2_standardise,0.0006,0.000229,0.000714,124,15.45
9,relu,AdamW,"[64, 64, 32]",Dane2_standardise,0.013875,0.007813,0.01301,19,3.5
10,relu,AdamW,"[64, 64, 32]",Dane2_standardise,0.014272,0.006798,0.013933,20,3.57
1,relu,AdamW,"[64, 64, 32]",Dane2_raw,0.000235,0.000213,0.000212,119,14.85
2,relu,AdamW,"[64, 64, 32]",Dane2_raw,0.000446,0.000329,0.000297,70,9.48
3,relu,AdamW,"[64, 64, 32]",Dane2_raw,0.000312,0.000323,0.000231,153,18.96
4,relu,AdamW,"[64, 64, 32]",Dane2_raw,0.000369,0.000331,0.000271,114,14.23
5,relu,AdamW,"[64, 64, 32]",Dane2_raw,0.000327,0.000331,0.000228,88,11.36
6,relu,AdamW,"[64, 64, 32]",Dane2_raw,0.000222,0.000224,0.000185,174,21.3
7,relu,AdamW,"[64, 64, 32]",Dane2_raw,0.000306,0.000306,0.000281,109,13.74
8,relu,AdamW,"[64, 64, 32]",Dane2_raw,0.00046,0.000354,0.000289,56,7.77
9,relu,AdamW,"[64, 64, 32]",Dane2_raw,0.000311,0.000319,0.000281,94,11.98
10,relu,AdamW,"[64, 64, 32]",Dane2_raw,0.000534,0.000408,0.000323,69,9.27
1,relu,AdamW,"[128, 128, 64]",Dane1_standardise,0.011347,0.012787,0.005734,109,15.89
2,relu,AdamW,"[128, 128, 64]",Dane1_standardise,0.009685,0.012863,0.004743,92,13.58
3,relu,AdamW,"[128, 128, 64]",Dane1_standardise,0.010783,0.015916,0.005591,80,12.06
4,relu,AdamW,"[128, 128, 64]",Dane1_standardise,0.00989,0.010956,0.003093,115,16.73
5,relu,AdamW,"[128, 128, 64]",Dane1_standardise,0.008874,0.012579,0.003515,103,15.41
6,relu,AdamW,"[128, 128, 64]",Dane1_standardise,0.014617,0.018639,0.010973,81,12.16
7,relu,AdamW,"[128, 128, 64]",Dane1_standardise,0.010809,0.012816,0.005124,86,13.37
8,relu,AdamW,"[128, 128, 64]",Dane1_standardise,0.008835,0.013341,0.003712,99,14.53
9,relu,AdamW,"[128, 128, 64]",Dane1_standardise,0.009861,0.011305,0.003246,110,15.98
10,relu,AdamW,"[128, 128, 64]",Dane1_standardise,0.00962,0.012334,0.004085,105,15.55
1,relu,AdamW,"[128, 128, 64]",Dane1_raw,0.011218,0.012936,0.005824,137,20.96
2,relu,AdamW,"[128, 128, 64]",Dane1_raw,0.087657,0.078248,0.09153,64,10.37
3,relu,AdamW,"[128, 128, 64]",Dane1_raw,0.013463,0.016216,0.009209,128,18.69
4,relu,AdamW,"[128, 128, 64]",Dane1_raw,0.021133,0.024131,0.016992,119,17.25
5,relu,AdamW,"[128, 128, 64]",Dane1_raw,0.032261,0.035721,0.029997,95,14.05
6,relu,AdamW,"[128, 128, 64]",Dane1_raw,0.018365,0.021712,0.015143,104,15.22
7,relu,AdamW,"[128, 128, 64]",Dane1_raw,0.107685,0.083489,0.108538,63,9.73
8,relu,AdamW,"[128, 128, 64]",Dane1_raw,0.060816,0.055811,0.061378,71,10.84
9,relu,AdamW,"[128, 128, 64]",Dane1_raw,0.008327,0.011854,0.003224,129,18.59
10,relu,AdamW,"[128, 128, 64]",Dane1_raw,0.022992,0.02696,0.020181,99,14.62
1,relu,AdamW,"[128, 128, 64]",Dane2_standardise,0.000838,0.000245,0.000849,106,13.42
2,relu,AdamW,"[128, 128, 64]",Dane2_standardise,0.001186,0.00047,0.001262,79,10.39
3,relu,AdamW,"[128, 128, 64]",Dane2_standardise,0.01543,0.008151,0.013887,16,3.24
4,relu,AdamW,"[128, 128, 64]",Dane2_standardise,0.012214,0.007559,0.010555,17,3.25
5,relu,AdamW,"[128, 128, 64]",Dane2_standardise,0.012481,0.008539,0.010766,16,3.19
6,relu,AdamW,"[128, 128, 64]",Dane2_standardise,0.01116,0.00891,0.009623,18,3.41
7,relu,AdamW,"[128, 128, 64]",Dane2_standardise,0.014763,0.007291,0.01339,16,3.2
8,relu,AdamW,"[128, 128, 64]",Dane2_standardise,0.018481,0.010096,0.017819,15,3.07
9,relu,AdamW,"[128, 128, 64]",Dane2_standardise,0.00059,0.000132,0.000625,109,13.91
10,relu,AdamW,"[128, 128, 64]",Dane2_standardise,0.000823,0.000268,0.001146,86,13.98
1,relu,AdamW,"[128, 128, 64]",Dane2_raw,0.00012,0.0001,0.000105,98,12.74
2,relu,AdamW,"[128, 128, 64]",Dane2_raw,0.000124,9.4e-05,0.000144,122,15.4
3,relu,AdamW,"[128, 128, 64]",Dane2_raw,0.000346,0.000354,0.000281,66,8.89
4,relu,AdamW,"[128, 128, 64]",Dane2_raw,0.000147,0.000133,0.00018,107,13.77
5,relu,AdamW,"[128, 128, 64]",Dane2_raw,0.000196,0.000194,0.000179,106,13.45
6,relu,AdamW,"[128, 128, 64]",Dane2_raw,0.000322,0.000295,0.000252,56,7.89
7,relu,AdamW,"[128, 128, 64]",Dane2_raw,0.000276,0.000289,0.000282,85,11.12
8,relu,AdamW,"[128, 128, 64]",Dane2_raw,0.000154,0.000138,0.000128,75,9.97
9,relu,AdamW,"[128, 128, 64]",Dane2_raw,0.000366,0.000376,0.000274,66,8.91
10,relu,AdamW,"[128, 128, 64]",Dane2_raw,0.000411,0.00032,0.000251,58,8.09
1,relu,AdamW,"[256, 256, 128]",Dane1_standardise,0.01142,0.013901,0.006555,68,11.76
2,relu,AdamW,"[256, 256, 128]",Dane1_standardise,0.014176,0.017948,0.00813,56,9.97
3,relu,AdamW,"[256, 256, 128]",Dane1_standardise,0.012708,0.015692,0.007104,63,10.98
4,relu,AdamW,"[256, 256, 128]",Dane1_standardise,0.012078,0.014357,0.006988,69,11.84
5,relu,AdamW,"[256, 256, 128]",Dane1_standardise,0.013062,0.016038,0.007501,80,13.57
6,relu,AdamW,"[256, 256, 128]",Dane1_standardise,0.011118,0.016591,0.006174,59,10.31
7,relu,AdamW,"[256, 256, 128]",Dane1_standardise,0.011249,0.012318,0.004416,83,13.91
8,relu,AdamW,"[256, 256, 128]",Dane1_standardise,0.009196,0.014318,0.00454,68,11.77
9,relu,AdamW,"[256, 256, 128]",Dane1_standardise,0.012528,0.01235,0.005848,76,12.96
10,relu,AdamW,"[256, 256, 128]",Dane1_standardise,0.010315,0.011549,0.004194,84,14.26
1,relu,AdamW,"[256, 256, 128]",Dane1_raw,0.012977,0.014742,0.008271,101,16.81
2,relu,AdamW,"[256, 256, 128]",Dane1_raw,0.01849,0.018738,0.013742,85,14.34
3,relu,AdamW,"[256, 256, 128]",Dane1_raw,0.019079,0.022721,0.014032,85,14.73
4,relu,AdamW,"[256, 256, 128]",Dane1_raw,0.009596,0.012012,0.004304,90,15.08
5,relu,AdamW,"[256, 256, 128]",Dane1_raw,0.011787,0.018023,0.007895,98,16.23
6,relu,AdamW,"[256, 256, 128]",Dane1_raw,0.008603,0.013157,0.003701,110,18.08
7,relu,AdamW,"[256, 256, 128]",Dane1_raw,0.02718,0.0287,0.023472,73,12.55
8,relu,AdamW,"[256, 256, 128]",Dane1_raw,0.015265,0.018718,0.012051,86,14.48
9,relu,AdamW,"[256, 256, 128]",Dane1_raw,0.048592,0.043036,0.044669,65,11.3
10,relu,AdamW,"[256, 256, 128]",Dane1_raw,0.009727,0.0122,0.003687,136,22.28
1,relu,AdamW,"[256, 256, 128]",Dane2_standardise,0.000936,0.000289,0.001203,72,10.12
2,relu,AdamW,"[256, 256, 128]",Dane2_standardise,0.000785,0.000253,0.000991,79,10.95
3,relu,AdamW,"[256, 256, 128]",Dane2_standardise,0.000731,0.000368,0.000894,77,10.8
4,relu,AdamW,"[256, 256, 128]",Dane2_standardise,0.001289,0.000688,0.001763,59,8.5
5,relu,AdamW,"[256, 256, 128]",Dane2_standardise,0.000851,0.000455,0.001157,69,9.7
6,relu,AdamW,"[256, 256, 128]",Dane2_standardise,0.001029,0.000345,0.000982,89,12.22
7,relu,AdamW,"[256, 256, 128]",Dane2_standardise,0.000785,0.000281,0.000871,98,13.44
8,relu,AdamW,"[256, 256, 128]",Dane2_standardise,0.000792,0.000257,0.000917,84,11.59
9,relu,AdamW,"[256, 256, 128]",Dane2_standardise,0.00096,0.000262,0.001148,70,9.91
10,relu,AdamW,"[256, 256, 128]",Dane2_standardise,0.000684,0.000358,0.000768,82,11.31
1,relu,AdamW,"[256, 256, 128]",Dane2_raw,0.0001,8.1e-05,0.000119,88,12.08
2,relu,AdamW,"[256, 256, 128]",Dane2_raw,0.000254,0.000287,0.000293,73,10.22
3,relu,AdamW,"[256, 256, 128]",Dane2_raw,0.000213,0.00024,0.000222,89,12.27
4,relu,AdamW,"[256, 256, 128]",Dane2_raw,0.000225,0.000234,0.000246,67,9.47
5,relu,AdamW,"[256, 256, 128]",Dane2_raw,0.000205,0.000244,0.000255,85,11.79
6,relu,AdamW,"[256, 256, 128]",Dane2_raw,0.000135,0.000124,0.000103,75,10.51
7,relu,AdamW,"[256, 256, 128]",Dane2_raw,0.000181,0.000207,0.000238,119,15.87
8,relu,AdamW,"[256, 256, 128]",Dane2_raw,0.00018,0.000212,0.000208,87,11.95
9,relu,AdamW,"[256, 256, 128]",Dane2_raw,0.000124,0.00011,0.000161,92,12.67
10,relu,AdamW,"[256, 256, 128]",Dane2_raw,0.000245,0.00023,0.000217,98,13.31
1,relu,SGD,[32],Dane1_standardise,0.457548,0.495615,0.455426,24,3.55
2,relu,SGD,[32],Dane1_standardise,0.451421,0.502333,0.452171,18,2.87
3,relu,SGD,[32],Dane1_standardise,0.466536,0.490292,0.459079,21,3.18
4,relu,SGD,[32],Dane1_standardise,0.453891,0.502648,0.454376,21,3.23
5,relu,SGD,[32],Dane1_standardise,0.454891,0.497934,0.45405,12,2.08
6,relu,SGD,[32],Dane1_standardise,0.455146,0.493563,0.453152,16,2.61
7,relu,SGD,[32],Dane1_standardise,0.450853,0.505902,0.45296,12,2.06
8,relu,SGD,[32],Dane1_standardise,0.426514,0.442627,0.421772,40,5.56
9,relu,SGD,[32],Dane1_standardise,0.483086,0.488051,0.473763,12,2.07
10,relu,SGD,[32],Dane1_standardise,0.46272,0.491539,0.458523,22,3.31
1,relu,SGD,[32],Dane1_raw,0.468344,0.489382,0.462979,31,4.44
2,relu,SGD,[32],Dane1_raw,0.498705,0.461007,0.478833,13,2.21
3,relu,SGD,[32],Dane1_raw,0.467168,0.491623,0.46296,17,2.67
4,relu,SGD,[32],Dane1_raw,1.038544,1.433563,1.135908,12,1.97
5,relu,SGD,[32],Dane1_raw,0.463162,0.481973,0.457841,27,3.97
6,relu,SGD,[32],Dane1_raw,0.504551,0.484247,0.489163,14,2.34
7,relu,SGD,[32],Dane1_raw,0.471622,0.475723,0.46305,19,2.99
8,relu,SGD,[32],Dane1_raw,0.468149,0.481796,0.461817,20,3.14
9,relu,SGD,[32],Dane1_raw,0.499038,0.480124,0.484309,17,2.7
10,relu,SGD,[32],Dane1_raw,0.469874,0.49173,0.464455,21,3.24
1,relu,SGD,[32],Dane2_standardise,0.00075,0.000554,0.000698,112,13.06
2,relu,SGD,[32],Dane2_standardise,0.000551,0.000421,0.000409,111,12.96
3,relu,SGD,[32],Dane2_standardise,0.004493,0.003041,0.003629,18,2.66
4,relu,SGD,[32],Dane2_standardise,0.003814,0.002578,0.002872,18,2.69
5,relu,SGD,[32],Dane2_standardise,0.000692,0.000484,0.000543,103,12.06
6,relu,SGD,[32],Dane2_standardise,0.002297,0.001262,0.001958,17,2.59
7,relu,SGD,[32],Dane2_standardise,0.000519,0.000288,0.000432,103,12.06
8,relu,SGD,[32],Dane2_standardise,0.000443,0.000321,0.000282,178,20.39
9,relu,SGD,[32],Dane2_standardise,0.000476,0.000306,0.000368,148,17.13
10,relu,SGD,[32],Dane2_standardise,0.000439,0.000323,0.000299,124,14.44
1,relu,SGD,[32],Dane2_raw,0.000542,0.000195,0.000438,128,14.88
2,relu,SGD,[32],Dane2_raw,0.000735,0.000378,0.000613,260,29.91
3,relu,SGD,[32],Dane2_raw,0.001147,0.000588,0.001082,102,12.0
4,relu,SGD,[32],Dane2_raw,0.000718,0.000417,0.000577,216,24.69
5,relu,SGD,[32],Dane2_raw,0.000869,0.000456,0.000785,182,20.95
6,relu,SGD,[32],Dane2_raw,0.000609,0.000325,0.000477,312,35.51
7,relu,SGD,[32],Dane2_raw,0.00054,0.000392,0.000373,305,34.72
8,relu,SGD,[32],Dane2_raw,0.001128,0.000593,0.001044,98,11.49
9,relu,SGD,[32],Dane2_raw,0.000829,0.000405,0.00071,235,26.81
10,relu,SGD,[32],Dane2_raw,0.000988,0.000496,0.000912,220,25.13
1,relu,SGD,"[32, 16]",Dane1_standardise,0.25454,0.213688,0.249052,47,6.83
2,relu,SGD,"[32, 16]",Dane1_standardise,0.447827,0.516206,0.453032,12,2.23
3,relu,SGD,"[32, 16]",Dane1_standardise,0.245693,0.210222,0.236532,58,8.2
4,relu,SGD,"[32, 16]",Dane1_standardise,0.455711,0.505697,0.457217,12,2.25
5,relu,SGD,"[32, 16]",Dane1_standardise,0.453746,0.492923,0.451694,18,2.99
6,relu,SGD,"[32, 16]",Dane1_standardise,0.487699,0.472786,0.472492,11,2.09
7,relu,SGD,"[32, 16]",Dane1_standardise,0.458279,0.493056,0.456787,11,2.1
8,relu,SGD,"[32, 16]",Dane1_standardise,0.008883,0.012955,0.003656,189,25.21
9,relu,SGD,"[32, 16]",Dane1_standardise,0.031166,0.032398,0.030131,151,20.29
10,relu,SGD,"[32, 16]",Dane1_standardise,0.458416,0.488737,0.455219,12,2.24
1,relu,SGD,"[32, 16]",Dane1_raw,0.307034,0.33792,0.305792,43,6.26
2,relu,SGD,"[32, 16]",Dane1_raw,0.466034,0.486936,0.461121,12,2.22
3,relu,SGD,"[32, 16]",Dane1_raw,0.22437,0.234135,0.2225,76,10.68
4,relu,SGD,"[32, 16]",Dane1_raw,0.473513,0.476255,0.463013,11,2.11
5,relu,SGD,"[32, 16]",Dane1_raw,0.233549,0.263524,0.242802,52,7.67
6,relu,SGD,"[32, 16]",Dane1_raw,0.15137,0.158564,0.156926,77,10.7
7,relu,SGD,"[32, 16]",Dane1_raw,0.309598,0.293702,0.298878,57,8.1
8,relu,SGD,"[32, 16]",Dane1_raw,0.309631,0.346055,0.308347,50,7.37
9,relu,SGD,"[32, 16]",Dane1_raw,0.269512,0.327782,0.278874,43,6.26
10,relu,SGD,"[32, 16]",Dane1_raw,0.477817,0.483994,0.468252,22,3.53
1,relu,SGD,"[32, 16]",Dane2_standardise,0.000481,0.00033,0.000345,195,22.99
2,relu,SGD,"[32, 16]",Dane2_standardise,0.000497,0.000466,0.000666,227,26.55
3,relu,SGD,"[32, 16]",Dane2_standardise,0.000544,0.000498,0.000466,159,18.74
4,relu,SGD,"[32, 16]",Dane2_standardise,0.000877,0.000544,0.001185,60,7.63
5,relu,SGD,"[32, 16]",Dane2_standardise,0.001209,0.000989,0.000975,37,4.89
6,relu,SGD,"[32, 16]",Dane2_standardise,0.000492,0.000368,0.000461,238,27.67
7,relu,SGD,"[32, 16]",Dane2_standardise,0.000598,0.000573,0.000466,334,38.67
8,relu,SGD,"[32, 16]",Dane2_standardise,0.001631,0.000938,0.001626,23,3.37
9,relu,SGD,"[32, 16]",Dane2_standardise,0.000352,0.00015,0.000189,158,18.53
10,relu,SGD,"[32, 16]",Dane2_standardise,0.000684,0.00075,0.000745,145,17.13
1,relu,SGD,"[32, 16]",Dane2_raw,0.000574,0.000231,0.000466,115,13.71
2,relu,SGD,"[32, 16]",Dane2_raw,0.000496,0.000153,0.000352,111,13.39
3,relu,SGD,"[32, 16]",Dane2_raw,0.000748,0.000265,0.000622,139,16.43
4,relu,SGD,"[32, 16]",Dane2_raw,0.000472,0.000186,0.000369,126,14.96
5,relu,SGD,"[32, 16]",Dane2_raw,0.000361,0.000136,0.000235,120,14.33
6,relu,SGD,"[32, 16]",Dane2_raw,0.000791,0.000193,0.000664,124,14.7
7,relu,SGD,"[32, 16]",Dane2_raw,0.000639,0.000252,0.00052,76,9.3
8,relu,SGD,"[32, 16]",Dane2_raw,0.000595,0.000253,0.000421,58,7.22
9,relu,SGD,"[32, 16]",Dane2_raw,0.000445,0.000173,0.00031,77,9.45
10,relu,SGD,"[32, 16]",Dane2_raw,0.000662,0.000249,0.000553,173,20.28
1,relu,SGD,"[32, 32]",Dane1_standardise,0.236467,0.199105,0.227945,52,7.43
2,relu,SGD,"[32, 32]",Dane1_standardise,0.444014,0.502413,0.446855,17,2.84
3,relu,SGD,"[32, 32]",Dane1_standardise,0.44724,0.499076,0.448471,16,2.72
4,relu,SGD,"[32, 32]",Dane1_standardise,0.472149,0.498222,0.467992,12,2.23
5,relu,SGD,"[32, 32]",Dane1_standardise,0.071775,0.050686,0.064077,114,15.45
6,relu,SGD,"[32, 32]",Dane1_standardise,0.027222,0.030777,0.023133,157,21.03
7,relu,SGD,"[32, 32]",Dane1_standardise,0.125936,0.088791,0.114569,91,12.46
8,relu,SGD,"[32, 32]",Dane1_standardise,0.194721,0.171729,0.195238,56,7.9
9,relu,SGD,"[32, 32]",Dane1_standardise,0.453875,0.494835,0.452534,13,2.35
10,relu,SGD,"[32, 32]",Dane1_standardise,0.01645,0.021111,0.009905,157,21.11
1,relu,SGD,"[32, 32]",Dane1_raw,0.213644,0.281309,0.230816,49,7.01
2,relu,SGD,"[32, 32]",Dane1_raw,0.502762,0.481918,0.488091,11,2.09
3,relu,SGD,"[32, 32]",Dane1_raw,0.11154,0.091207,0.11163,88,12.09
4,relu,SGD,"[32, 32]",Dane1_raw,0.460234,0.490352,0.457302,12,2.23
5,relu,SGD,"[32, 32]",Dane1_raw,0.46766,0.487937,0.462273,14,2.56
6,relu,SGD,"[32, 32]",Dane1_raw,0.228201,0.225174,0.227681,51,7.2
7,relu,SGD,"[32, 32]",Dane1_raw,0.205921,0.187223,0.20656,62,8.72
8,relu,SGD,"[32, 32]",Dane1_raw,0.161533,0.133852,0.156433,92,12.56
9,relu,SGD,"[32, 32]",Dane1_raw,0.495197,0.47177,0.477722,11,2.08
10,relu,SGD,"[32, 32]",Dane1_raw,0.168505,0.184907,0.173501,58,8.22
1,relu,SGD,"[32, 32]",Dane2_standardise,0.000543,0.000403,0.000633,140,16.57
2,relu,SGD,"[32, 32]",Dane2_standardise,0.000372,0.000218,0.000223,87,10.58
3,relu,SGD,"[32, 32]",Dane2_standardise,0.000522,0.000415,0.000449,59,7.45
4,relu,SGD,"[32, 32]",Dane2_standardise,0.000509,0.000334,0.000476,87,10.45
5,relu,SGD,"[32, 32]",Dane2_standardise,0.000495,0.000223,0.000334,76,9.31
6,relu,SGD,"[32, 32]",Dane2_standardise,0.000473,0.000277,0.000382,201,23.45
7,relu,SGD,"[32, 32]",Dane2_standardise,0.000623,0.000521,0.000653,90,10.88
8,relu,SGD,"[32, 32]",Dane2_standardise,0.000498,0.000243,0.000378,129,15.24
9,relu,SGD,"[32, 32]",Dane2_standardise,0.000485,0.000315,0.000477,165,19.29
10,relu,SGD,"[32, 32]",Dane2_standardise,0.000543,0.00035,0.000527,120,14.25
1,relu,SGD,"[32, 32]",Dane2_raw,0.000653,0.000228,0.000517,93,11.22
2,relu,SGD,"[32, 32]",Dane2_raw,0.001021,0.000455,0.000757,43,5.53
3,relu,SGD,"[32, 32]",Dane2_raw,0.000442,0.000155,0.000315,106,12.66
4,relu,SGD,"[32, 32]",Dane2_raw,0.000674,0.000177,0.000557,93,11.15
5,relu,SGD,"[32, 32]",Dane2_raw,0.000477,0.000155,0.000339,77,9.43
6,relu,SGD,"[32, 32]",Dane2_raw,0.000387,0.000191,0.000276,131,15.59
7,relu,SGD,"[32, 32]",Dane2_raw,0.000558,0.000233,0.000426,94,11.31
8,relu,SGD,"[32, 32]",Dane2_raw,0.000436,0.000174,0.000301,91,10.96
9,relu,SGD,"[32, 32]",Dane2_raw,0.001661,0.000703,0.001494,107,12.84
10,relu,SGD,"[32, 32]",Dane2_raw,0.000618,0.000176,0.000485,66,8.19
1,relu,SGD,"[64, 64, 32]",Dane1_standardise,0.014617,0.017016,0.0076,95,13.2
2,relu,SGD,"[64, 64, 32]",Dane1_standardise,0.014362,0.019063,0.010013,80,11.21
3,relu,SGD,"[64, 64, 32]",Dane1_standardise,0.083998,0.069282,0.081796,60,8.55
4,relu,SGD,"[64, 64, 32]",Dane1_standardise,0.017229,0.021134,0.013621,80,11.32
5,relu,SGD,"[64, 64, 32]",Dane1_standardise,0.012335,0.017406,0.008506,103,14.22
6,relu,SGD,"[64, 64, 32]",Dane1_standardise,0.020394,0.021366,0.01555,71,10.18
7,relu,SGD,"[64, 64, 32]",Dane1_standardise,0.033245,0.040043,0.034638,67,9.59
8,relu,SGD,"[64, 64, 32]",Dane1_standardise,0.011183,0.015348,0.005339,86,12.08
9,relu,SGD,"[64, 64, 32]",Dane1_standardise,0.011475,0.015617,0.00685,101,14.05
10,relu,SGD,"[64, 64, 32]",Dane1_standardise,0.031735,0.031336,0.026689,83,11.72
1,relu,SGD,"[64, 64, 32]",Dane1_raw,0.094823,0.073577,0.094003,71,10.09
2,relu,SGD,"[64, 64, 32]",Dane1_raw,0.133111,0.102799,0.129605,77,10.9
3,relu,SGD,"[64, 64, 32]",Dane1_raw,0.107742,0.11434,0.112098,79,11.15
4,relu,SGD,"[64, 64, 32]",Dane1_raw,0.496693,0.46887,0.477856,12,2.34
5,relu,SGD,"[64, 64, 32]",Dane1_raw,0.111545,0.11701,0.117938,66,9.41
6,relu,SGD,"[64, 64, 32]",Dane1_raw,0.103438,0.094553,0.109111,67,9.58
7,relu,SGD,"[64, 64, 32]",Dane1_raw,0.135321,0.103963,0.13009,80,11.23
8,relu,SGD,"[64, 64, 32]",Dane1_raw,0.149619,0.147362,0.15458,51,7.5
9,relu,SGD,"[64, 64, 32]",Dane1_raw,0.105629,0.090172,0.107059,61,8.72
10,relu,SGD,"[64, 64, 32]",Dane1_raw,0.242139,0.234976,0.239068,36,5.52
1,relu,SGD,"[64, 64, 32]",Dane2_standardise,0.000445,0.000189,0.000355,129,15.42
2,relu,SGD,"[64, 64, 32]",Dane2_standardise,0.000475,0.00033,0.000386,165,19.54
3,relu,SGD,"[64, 64, 32]",Dane2_standardise,0.000406,0.000315,0.000365,142,16.9
4,relu,SGD,"[64, 64, 32]",Dane2_standardise,0.001394,0.000572,0.001309,16,2.64
5,relu,SGD,"[64, 64, 32]",Dane2_standardise,0.000469,0.000204,0.000439,93,11.4
6,relu,SGD,"[64, 64, 32]",Dane2_standardise,0.000503,0.00038,0.00047,94,12.05
7,relu,SGD,"[64, 64, 32]",Dane2_standardise,0.000503,0.000302,0.000466,136,16.38
8,relu,SGD,"[64, 64, 32]",Dane2_standardise,0.000591,0.000477,0.000705,97,11.87
9,relu,SGD,"[64, 64, 32]",Dane2_standardise,0.000491,0.000295,0.000411,139,16.57
10,relu,SGD,"[64, 64, 32]",Dane2_standardise,0.000471,0.000471,0.00041,223,26.17
1,relu,SGD,"[64, 64, 32]",Dane2_raw,0.00073,0.000284,0.000571,41,5.83
2,relu,SGD,"[64, 64, 32]",Dane2_raw,0.000221,0.000105,0.000125,92,11.28
3,relu,SGD,"[64, 64, 32]",Dane2_raw,0.00053,0.000139,0.000383,66,9.3
4,relu,SGD,"[64, 64, 32]",Dane2_raw,0.000674,0.000178,0.000504,47,6.37
5,relu,SGD,"[64, 64, 32]",Dane2_raw,0.000449,0.000122,0.000347,73,9.53
6,relu,SGD,"[64, 64, 32]",Dane2_raw,0.000352,0.000171,0.000236,76,9.97
7,relu,SGD,"[64, 64, 32]",Dane2_raw,0.000334,0.000124,0.000232,89,10.95
8,relu,SGD,"[64, 64, 32]",Dane2_raw,0.00083,0.000178,0.000664,56,7.14
9,relu,SGD,"[64, 64, 32]",Dane2_raw,0.000584,0.000145,0.000481,75,9.38
10,relu,SGD,"[64, 64, 32]",Dane2_raw,0.000484,0.000137,0.000361,64,8.1
1,relu,SGD,"[128, 128, 64]",Dane1_standardise,0.011022,0.013813,0.004982,93,13.1
2,relu,SGD,"[128, 128, 64]",Dane1_standardise,0.015769,0.01626,0.009643,91,12.73
3,relu,SGD,"[128, 128, 64]",Dane1_standardise,0.01425,0.019614,0.010039,87,12.31
4,relu,SGD,"[128, 128, 64]",Dane1_standardise,0.015216,0.017815,0.009241,99,13.86
5,relu,SGD,"[128, 128, 64]",Dane1_standardise,0.012693,0.016313,0.008045,80,11.34
6,relu,SGD,"[128, 128, 64]",Dane1_standardise,0.008661,0.013052,0.003604,110,15.67
7,relu,SGD,"[128, 128, 64]",Dane1_standardise,0.009763,0.012838,0.003852,96,13.49
8,relu,SGD,"[128, 128, 64]",Dane1_standardise,0.010177,0.013489,0.003286,98,13.66
9,relu,SGD,"[128, 128, 64]",Dane1_standardise,0.015085,0.021086,0.011097,92,12.9
10,relu,SGD,"[128, 128, 64]",Dane1_standardise,0.0107,0.014658,0.005054,86,12.56
1,relu,SGD,"[128, 128, 64]",Dane1_raw,0.049387,0.05013,0.050817,99,14.4
2,relu,SGD,"[128, 128, 64]",Dane1_raw,0.118819,0.124477,0.131933,64,9.49
3,relu,SGD,"[128, 128, 64]",Dane1_raw,0.21811,0.205997,0.21495,35,5.35
4,relu,SGD,"[128, 128, 64]",Dane1_raw,0.473865,0.475816,0.463126,11,2.23
5,relu,SGD,"[128, 128, 64]",Dane1_raw,0.114381,0.123396,0.123004,61,8.91
6,relu,SGD,"[128, 128, 64]",Dane1_raw,0.229708,0.193155,0.2216,39,5.91
7,relu,SGD,"[128, 128, 64]",Dane1_raw,0.501191,0.485204,0.489383,11,2.23
8,relu,SGD,"[128, 128, 64]",Dane1_raw,0.463101,0.48325,0.457444,12,2.34
9,relu,SGD,"[128, 128, 64]",Dane1_raw,0.116828,0.096278,0.117865,67,9.67
10,relu,SGD,"[128, 128, 64]",Dane1_raw,0.128763,0.117784,0.132747,43,6.42
1,relu,SGD,"[128, 128, 64]",Dane2_standardise,0.000596,0.000364,0.000568,104,12.7
2,relu,SGD,"[128, 128, 64]",Dane2_standardise,0.000412,0.000185,0.000353,152,18.16
3,relu,SGD,"[128, 128, 64]",Dane2_standardise,0.000558,0.000381,0.000521,77,9.59
4,relu,SGD,"[128, 128, 64]",Dane2_standardise,0.000435,0.000237,0.000358,128,15.41
5,relu,SGD,"[128, 128, 64]",Dane2_standardise,0.000486,0.000291,0.000512,155,18.77
6,relu,SGD,"[128, 128, 64]",Dane2_standardise,0.000469,0.000272,0.000408,118,14.23
7,relu,SGD,"[128, 128, 64]",Dane2_standardise,0.000456,0.000267,0.000392,140,16.83
8,relu,SGD,"[128, 128, 64]",Dane2_standardise,0.000521,0.000292,0.000472,67,8.72
9,relu,SGD,"[128, 128, 64]",Dane2_standardise,0.000543,0.00035,0.000557,101,12.34
10,relu,SGD,"[128, 128, 64]",Dane2_standardise,0.000442,0.000214,0.000392,113,13.75
1,relu,SGD,"[128, 128, 64]",Dane2_raw,0.000344,0.000129,0.000212,70,8.75
2,relu,SGD,"[128, 128, 64]",Dane2_raw,0.000474,0.000185,0.000344,63,7.92
3,relu,SGD,"[128, 128, 64]",Dane2_raw,0.000481,0.000119,0.000365,73,9.06
4,relu,SGD,"[128, 128, 64]",Dane2_raw,0.000441,0.000156,0.00033,56,7.23
5,relu,SGD,"[128, 128, 64]",Dane2_raw,0.00055,0.000194,0.000405,48,6.31
6,relu,SGD,"[128, 128, 64]",Dane2_raw,0.000647,0.000221,0.000522,47,6.22
7,relu,SGD,"[128, 128, 64]",Dane2_raw,0.000414,0.000123,0.000295,75,9.38
8,relu,SGD,"[128, 128, 64]",Dane2_raw,0.000539,0.000158,0.000398,59,7.48
9,relu,SGD,"[128, 128, 64]",Dane2_raw,0.000536,0.000153,0.000408,64,8.12
10,relu,SGD,"[128, 128, 64]",Dane2_raw,0.000536,0.000184,0.000386,63,8.01
1,relu,SGD,"[256, 256, 128]",Dane1_standardise,0.013043,0.016872,0.008728,82,12.61
2,relu,SGD,"[256, 256, 128]",Dane1_standardise,0.016731,0.019419,0.010218,78,12.08
3,relu,SGD,"[256, 256, 128]",Dane1_standardise,0.020291,0.018695,0.011991,81,12.72
4,relu,SGD,"[256, 256, 128]",Dane1_standardise,0.008356,0.012997,0.002522,109,17.69
5,relu,SGD,"[256, 256, 128]",Dane1_standardise,0.010805,0.013696,0.006002,103,15.74
6,relu,SGD,"[256, 256, 128]",Dane1_standardise,0.014835,0.01562,0.008987,86,13.11
7,relu,SGD,"[256, 256, 128]",Dane1_standardise,0.009513,0.013971,0.004181,94,14.34
8,relu,SGD,"[256, 256, 128]",Dane1_standardise,0.010149,0.015309,0.005284,85,13.11
9,relu,SGD,"[256, 256, 128]",Dane1_standardise,0.010524,0.012754,0.004985,96,14.66
10,relu,SGD,"[256, 256, 128]",Dane1_standardise,0.012274,0.016213,0.007822,83,12.87
1,relu,SGD,"[256, 256, 128]",Dane1_raw,0.056863,0.062741,0.061614,85,13.04
2,relu,SGD,"[256, 256, 128]",Dane1_raw,0.471485,0.485733,0.465331,11,2.35
3,relu,SGD,"[256, 256, 128]",Dane1_raw,0.199176,0.215976,0.207416,39,6.42
4,relu,SGD,"[256, 256, 128]",Dane1_raw,0.106992,0.081769,0.104943,71,11.13
5,relu,SGD,"[256, 256, 128]",Dane1_raw,0.089413,0.081929,0.091873,76,11.78
6,relu,SGD,"[256, 256, 128]",Dane1_raw,0.49603,0.469579,0.478798,11,2.36
7,relu,SGD,"[256, 256, 128]",Dane1_raw,0.042852,0.042364,0.038108,108,16.41
8,relu,SGD,"[256, 256, 128]",Dane1_raw,0.045626,0.042863,0.041503,104,15.91
9,relu,SGD,"[256, 256, 128]",Dane1_raw,0.078186,0.075033,0.081018,85,13.03
10,relu,SGD,"[256, 256, 128]",Dane1_raw,0.088103,0.089912,0.092565,63,9.88
1,relu,SGD,"[256, 256, 128]",Dane2_standardise,0.00048,0.000269,0.000457,144,17.87
2,relu,SGD,"[256, 256, 128]",Dane2_standardise,0.000493,0.000369,0.000468,156,19.52
3,relu,SGD,"[256, 256, 128]",Dane2_standardise,0.000585,0.000478,0.000623,100,12.7
4,relu,SGD,"[256, 256, 128]",Dane2_standardise,0.000537,0.000301,0.000518,86,11.03
5,relu,SGD,"[256, 256, 128]",Dane2_standardise,0.00043,0.000252,0.000364,141,17.59
6,relu,SGD,"[256, 256, 128]",Dane2_standardise,0.000495,0.000328,0.000465,105,13.33
7,relu,SGD,"[256, 256, 128]",Dane2_standardise,0.000449,0.000331,0.000388,132,16.54
8,relu,SGD,"[256, 256, 128]",Dane2_standardise,0.000437,0.000167,0.000379,114,14.38
9,relu,SGD,"[256, 256, 128]",Dane2_standardise,0.000441,0.000252,0.000368,146,18.19
10,relu,SGD,"[256, 256, 128]",Dane2_standardise,0.000404,0.000211,0.000292,144,22.27
1,relu,SGD,"[256, 256, 128]",Dane2_raw,0.000522,0.000156,0.000375,55,7.48
2,relu,SGD,"[256, 256, 128]",Dane2_raw,0.000538,0.000209,0.000404,57,7.77
3,relu,SGD,"[256, 256, 128]",Dane2_raw,0.000397,0.000109,0.000271,71,9.34
4,relu,SGD,"[256, 256, 128]",Dane2_raw,0.000463,0.000118,0.000352,69,9.11
5,relu,SGD,"[256, 256, 128]",Dane2_raw,0.000479,0.000179,0.000367,58,7.81
6,relu,SGD,"[256, 256, 128]",Dane2_raw,0.00028,0.000103,0.000161,115,14.56
7,relu,SGD,"[256, 256, 128]",Dane2_raw,0.000448,0.000158,0.000317,57,7.74
8,relu,SGD,"[256, 256, 128]",Dane2_raw,0.000526,0.000185,0.000404,62,8.3
9,relu,SGD,"[256, 256, 128]",Dane2_raw,0.000453,0.000161,0.000314,47,6.48
10,relu,SGD,"[256, 256, 128]",Dane2_raw,0.000373,0.000135,0.000247,76,9.91
1,leaky_relu,Adam,[32],Dane1_standardise,0.448426,0.526404,0.455783,32,4.8
2,leaky_relu,Adam,[32],Dane1_standardise,0.475926,0.476543,0.466749,11,2.19
3,leaky_relu,Adam,[32],Dane1_standardise,0.461189,0.512875,0.46235,11,2.18
4,leaky_relu,Adam,[32],Dane1_standardise,0.461562,0.507527,0.464078,11,2.19
5,leaky_relu,Adam,[32],Dane1_standardise,0.502146,0.4642,0.482143,11,2.19
6,leaky_relu,Adam,[32],Dane1_standardise,0.486018,0.467455,0.470469,12,2.32
7,leaky_relu,Adam,[32],Dane1_standardise,0.462397,0.491133,0.459892,11,2.2
8,leaky_relu,Adam,[32],Dane1_standardise,0.450564,0.525372,0.457339,22,3.61
9,leaky_relu,Adam,[32],Dane1_standardise,0.496351,0.475267,0.483091,11,2.24
10,leaky_relu,Adam,[32],Dane1_standardise,0.474839,0.480749,0.467477,12,2.32
1,leaky_relu,Adam,[32],Dane1_raw,0.481413,0.499149,0.478747,12,2.3
2,leaky_relu,Adam,[32],Dane1_raw,0.489655,0.484545,0.481262,12,2.32
3,leaky_relu,Adam,[32],Dane1_raw,0.448071,0.506246,0.450474,19,3.22
4,leaky_relu,Adam,[32],Dane1_raw,0.456571,0.500336,0.456293,18,3.07
5,leaky_relu,Adam,[32],Dane1_raw,0.468291,0.490559,0.465099,12,2.29
6,leaky_relu,Adam,[32],Dane1_raw,0.457677,0.514169,0.461289,12,2.35
7,leaky_relu,Adam,[32],Dane1_raw,0.453409,0.492376,0.4507,20,3.31
8,leaky_relu,Adam,[32],Dane1_raw,0.446664,0.501698,0.447468,27,4.22
9,leaky_relu,Adam,[32],Dane1_raw,0.456572,0.49027,0.453448,16,2.84
10,leaky_relu,Adam,[32],Dane1_raw,0.456332,0.4981,0.455313,14,2.56
1,leaky_relu,Adam,[32],Dane2_standardise,0.00574,0.002429,0.0047,56,7.15
2,leaky_relu,Adam,[32],Dane2_standardise,0.003808,0.001845,0.004234,76,9.42
3,leaky_relu,Adam,[32],Dane2_standardise,0.003388,0.001327,0.003159,83,10.13
4,leaky_relu,Adam,[32],Dane2_standardise,0.001484,0.001044,0.001022,94,11.38
5,leaky_relu,Adam,[32],Dane2_standardise,0.005153,0.002064,0.003893,53,6.75
6,leaky_relu,Adam,[32],Dane2_standardise,0.001566,0.000714,0.001251,93,11.38
7,leaky_relu,Adam,[32],Dane2_standardise,0.002009,0.001,0.00152,71,8.89
8,leaky_relu,Adam,[32],Dane2_standardise,0.000698,0.000304,0.000628,98,11.91
9,leaky_relu,Adam,[32],Dane2_standardise,0.003757,0.002623,0.0032,76,9.36
10,leaky_relu,Adam,[32],Dane2_standardise,0.004266,0.002822,0.003341,71,8.85
1,leaky_relu,Adam,[32],Dane2_raw,0.001622,0.000825,0.001394,256,29.47
2,leaky_relu,Adam,[32],Dane2_raw,0.001671,0.001184,0.00131,324,37.13
3,leaky_relu,Adam,[32],Dane2_raw,0.00977,0.006876,0.008416,91,11.26
4,leaky_relu,Adam,[32],Dane2_raw,0.002806,0.002077,0.002353,239,27.48
5,leaky_relu,Adam,[32],Dane2_raw,0.00736,0.005973,0.006846,153,17.9
6,leaky_relu,Adam,[32],Dane2_raw,0.000642,0.000491,0.000437,440,50.04
7,leaky_relu,Adam,[32],Dane2_raw,0.002089,0.001421,0.001526,425,48.16
8,leaky_relu,Adam,[32],Dane2_raw,0.000841,0.000577,0.000586,354,40.22
9,leaky_relu,Adam,[32],Dane2_raw,0.002372,0.001678,0.001887,309,35.2
10,leaky_relu,Adam,[32],Dane2_raw,0.001838,0.001164,0.001368,502,56.74
1,leaky_relu,Adam,"[32, 16]",Dane1_standardise,0.458969,0.50049,0.459273,11,2.36
2,leaky_relu,Adam,"[32, 16]",Dane1_standardise,0.455526,0.509468,0.458256,12,2.54
3,leaky_relu,Adam,"[32, 16]",Dane1_standardise,0.447534,0.498041,0.449313,20,3.55
4,leaky_relu,Adam,"[32, 16]",Dane1_standardise,0.471703,0.473769,0.461235,11,2.41
5,leaky_relu,Adam,"[32, 16]",Dane1_standardise,0.483496,0.519151,0.479513,11,2.39
6,leaky_relu,Adam,"[32, 16]",Dane1_standardise,0.448113,0.507191,0.45153,15,2.92
7,leaky_relu,Adam,"[32, 16]",Dane1_standardise,0.468706,0.48053,0.461641,11,2.47
8,leaky_relu,Adam,"[32, 16]",Dane1_standardise,0.443962,0.50445,0.44745,18,3.33
9,leaky_relu,Adam,"[32, 16]",Dane1_standardise,0.464975,0.48099,0.459071,11,2.39
10,leaky_relu,Adam,"[32, 16]",Dane1_standardise,0.460555,0.491466,0.458373,11,2.42
1,leaky_relu,Adam,"[32, 16]",Dane1_raw,0.541097,0.473049,0.517247,11,2.39
2,leaky_relu,Adam,"[32, 16]",Dane1_raw,0.448217,0.493499,0.447584,38,5.92
3,leaky_relu,Adam,"[32, 16]",Dane1_raw,0.457574,0.483819,0.451664,24,4.1
4,leaky_relu,Adam,"[32, 16]",Dane1_raw,0.460644,0.496253,0.459947,13,2.63
5,leaky_relu,Adam,"[32, 16]",Dane1_raw,0.211864,0.217016,0.214655,146,19.8
6,leaky_relu,Adam,"[32, 16]",Dane1_raw,0.456787,0.499983,0.457024,12,2.58
7,leaky_relu,Adam,"[32, 16]",Dane1_raw,0.520042,0.482075,0.498718,11,2.39
8,leaky_relu,Adam,"[32, 16]",Dane1_raw,0.462724,0.492545,0.459495,12,2.51
9,leaky_relu,Adam,"[32, 16]",Dane1_raw,0.447834,0.494159,0.446248,30,4.88
10,leaky_relu,Adam,"[32, 16]",Dane1_raw,0.454076,0.502476,0.455296,12,2.57
1,leaky_relu,Adam,"[32, 16]",Dane2_standardise,0.004154,0.003365,0.003954,71,9.05
2,leaky_relu,Adam,"[32, 16]",Dane2_standardise,0.005745,0.005019,0.004581,55,7.26
3,leaky_relu,Adam,"[32, 16]",Dane2_standardise,0.005356,0.002775,0.004634,37,5.21
4,leaky_relu,Adam,"[32, 16]",Dane2_standardise,0.003196,0.001691,0.00277,47,6.33
5,leaky_relu,Adam,"[32, 16]",Dane2_standardise,0.004335,0.00308,0.00382,53,7.0
6,leaky_relu,Adam,"[32, 16]",Dane2_standardise,0.00633,0.003277,0.004561,30,4.42
7,leaky_relu,Adam,"[32, 16]",Dane2_standardise,0.002447,0.001794,0.002383,55,7.25
8,leaky_relu,Adam,"[32, 16]",Dane2_standardise,0.00937,0.004951,0.007415,33,4.73
9,leaky_relu,Adam,"[32, 16]",Dane2_standardise,0.006612,0.003301,0.005055,45,6.11
10,leaky_relu,Adam,"[32, 16]",Dane2_standardise,0.005699,0.003729,0.003668,27,4.12
1,leaky_relu,Adam,"[32, 16]",Dane2_raw,0.000599,0.000363,0.000385,162,19.36
2,leaky_relu,Adam,"[32, 16]",Dane2_raw,0.000472,0.000407,0.000304,200,23.34
3,leaky_relu,Adam,"[32, 16]",Dane2_raw,0.000285,0.000262,0.000201,284,32.95
4,leaky_relu,Adam,"[32, 16]",Dane2_raw,0.001096,0.000665,0.000749,352,40.44
5,leaky_relu,Adam,"[32, 16]",Dane2_raw,0.000974,0.000577,0.000625,359,41.3
6,leaky_relu,Adam,"[32, 16]",Dane2_raw,0.000763,0.000514,0.000509,185,21.86
7,leaky_relu,Adam,"[32, 16]",Dane2_raw,0.000466,0.000402,0.000308,327,37.73
8,leaky_relu,Adam,"[32, 16]",Dane2_raw,0.002117,0.001494,0.001421,150,17.82
9,leaky_relu,Adam,"[32, 16]",Dane2_raw,0.000495,0.000362,0.000372,290,33.77
10,leaky_relu,Adam,"[32, 16]",Dane2_raw,0.000565,0.000464,0.000385,216,25.27
1,leaky_relu,Adam,"[32, 32]",Dane1_standardise,0.448542,0.505716,0.45191,17,3.16
2,leaky_relu,Adam,"[32, 32]",Dane1_standardise,0.440327,0.507135,0.445073,29,4.72
3,leaky_relu,Adam,"[32, 32]",Dane1_standardise,0.436738,0.48741,0.437433,25,4.26
4,leaky_relu,Adam,"[32, 32]",Dane1_standardise,0.440824,0.498264,0.443668,21,3.72
5,leaky_relu,Adam,"[32, 32]",Dane1_standardise,0.453042,0.51116,0.457008,13,2.72
6,leaky_relu,Adam,"[32, 32]",Dane1_standardise,0.45295,0.512506,0.456608,13,2.66
7,leaky_relu,Adam,"[32, 32]",Dane1_standardise,0.451564,0.514844,0.456406,14,2.82
8,leaky_relu,Adam,"[32, 32]",Dane1_standardise,0.189834,0.182337,0.191023,152,20.75
9,leaky_relu,Adam,"[32, 32]",Dane1_standardise,0.468142,0.486289,0.463373,11,2.44
10,leaky_relu,Adam,"[32, 32]",Dane1_standardise,0.451876,0.505527,0.45473,13,2.66
1,leaky_relu,Adam,"[32, 32]",Dane1_raw,0.465488,0.495455,0.462756,11,2.5
2,leaky_relu,Adam,"[32, 32]",Dane1_raw,0.451588,0.485095,0.446827,20,3.57
3,leaky_relu,Adam,"[32, 32]",Dane1_raw,0.436819,0.483656,0.435288,26,4.37
4,leaky_relu,Adam,"[32, 32]",Dane1_raw,0.45172,0.487351,0.447927,26,4.36
5,leaky_relu,Adam,"[32, 32]",Dane1_raw,0.469416,0.475936,0.457219,35,5.49
6,leaky_relu,Adam,"[32, 32]",Dane1_raw,0.4534,0.493084,0.450546,18,3.3
7,leaky_relu,Adam,"[32, 32]",Dane1_raw,0.460924,0.500483,0.458914,13,2.7
8,leaky_relu,Adam,"[32, 32]",Dane1_raw,0.455219,0.501258,0.455314,13,7.25
9,leaky_relu,Adam,"[32, 32]",Dane1_raw,0.446596,0.481239,0.442177,24,4.14
10,leaky_relu,Adam,"[32, 32]",Dane1_raw,0.464436,0.500769,0.462018,13,2.65
1,leaky_relu,Adam,"[32, 32]",Dane2_standardise,0.003937,0.001939,0.003814,50,6.81
2,leaky_relu,Adam,"[32, 32]",Dane2_standardise,0.005162,0.003064,0.005102,40,5.63
3,leaky_relu,Adam,"[32, 32]",Dane2_standardise,0.007138,0.004923,0.005774,40,5.63
4,leaky_relu,Adam,"[32, 32]",Dane2_standardise,0.006868,0.00364,0.006217,28,4.24
5,leaky_relu,Adam,"[32, 32]",Dane2_standardise,0.010184,0.005221,0.009001,29,4.34
6,leaky_relu,Adam,"[32, 32]",Dane2_standardise,0.008009,0.003145,0.006031,24,3.82
7,leaky_relu,Adam,"[32, 32]",Dane2_standardise,0.006007,0.004823,0.005655,33,4.8
8,leaky_relu,Adam,"[32, 32]",Dane2_standardise,0.006669,0.003532,0.005033,35,5.05
9,leaky_relu,Adam,"[32, 32]",Dane2_standardise,0.004283,0.003128,0.003776,47,6.47
10,leaky_relu,Adam,"[32, 32]",Dane2_standardise,0.000369,0.000228,0.000341,280,32.7
1,leaky_relu,Adam,"[32, 32]",Dane2_raw,0.000915,0.000636,0.00069,227,26.9
2,leaky_relu,Adam,"[32, 32]",Dane2_raw,0.000471,0.000334,0.000325,197,23.48
3,leaky_relu,Adam,"[32, 32]",Dane2_raw,0.000286,0.000243,0.000207,227,26.87
4,leaky_relu,Adam,"[32, 32]",Dane2_raw,0.000485,0.000385,0.000336,252,29.62
5,leaky_relu,Adam,"[32, 32]",Dane2_raw,0.000358,0.000323,0.000298,218,25.95
6,leaky_relu,Adam,"[32, 32]",Dane2_raw,0.000462,0.000337,0.000301,368,42.98
7,leaky_relu,Adam,"[32, 32]",Dane2_raw,0.00045,0.000337,0.000295,150,18.2
8,leaky_relu,Adam,"[32, 32]",Dane2_raw,0.000284,0.000305,0.000269,239,28.19
9,leaky_relu,Adam,"[32, 32]",Dane2_raw,0.000494,0.000398,0.000311,196,23.25
10,leaky_relu,Adam,"[32, 32]",Dane2_raw,0.00034,0.000315,0.000231,192,22.88
1,leaky_relu,Adam,"[64, 64, 32]",Dane1_standardise,0.01911,0.02315,0.015,128,18.22
2,leaky_relu,Adam,"[64, 64, 32]",Dane1_standardise,0.010766,0.012234,0.004372,167,23.25
3,leaky_relu,Adam,"[64, 64, 32]",Dane1_standardise,0.010384,0.012217,0.004331,173,24.2
4,leaky_relu,Adam,"[64, 64, 32]",Dane1_standardise,0.009351,0.013514,0.003654,207,28.64
5,leaky_relu,Adam,"[64, 64, 32]",Dane1_standardise,0.061919,0.055454,0.059156,102,14.71
6,leaky_relu,Adam,"[64, 64, 32]",Dane1_standardise,0.137509,0.137972,0.146506,85,12.42
7,leaky_relu,Adam,"[64, 64, 32]",Dane1_standardise,0.010667,0.01448,0.005281,142,20.04
8,leaky_relu,Adam,"[64, 64, 32]",Dane1_standardise,0.012233,0.017103,0.007609,160,22.38
9,leaky_relu,Adam,"[64, 64, 32]",Dane1_standardise,0.126235,0.126966,0.135326,57,8.8
10,leaky_relu,Adam,"[64, 64, 32]",Dane1_standardise,0.126908,0.09892,0.125808,67,10.11
1,leaky_relu,Adam,"[64, 64, 32]",Dane1_raw,0.014116,0.019804,0.009743,159,22.33
2,leaky_relu,Adam,"[64, 64, 32]",Dane1_raw,0.127883,0.107493,0.12963,62,9.39
3,leaky_relu,Adam,"[64, 64, 32]",Dane1_raw,0.45392,0.475028,0.446954,16,3.31
4,leaky_relu,Adam,"[64, 64, 32]",Dane1_raw,0.482761,0.466475,0.466816,16,3.35
5,leaky_relu,Adam,"[64, 64, 32]",Dane1_raw,0.114494,0.099251,0.11706,91,13.25
6,leaky_relu,Adam,"[64, 64, 32]",Dane1_raw,0.549793,0.476964,0.519685,13,2.89
7,leaky_relu,Adam,"[64, 64, 32]",Dane1_raw,0.500794,0.481346,0.486668,12,2.8
8,leaky_relu,Adam,"[64, 64, 32]",Dane1_raw,0.06897,0.069558,0.071929,118,16.84
9,leaky_relu,Adam,"[64, 64, 32]",Dane1_raw,0.51311,0.468697,0.492132,11,2.63
10,leaky_relu,Adam,"[64, 64, 32]",Dane1_raw,0.066729,0.064739,0.069317,115,16.45
1,leaky_relu,Adam,"[64, 64, 32]",Dane2_standardise,0.008352,0.005392,0.007931,21,3.66
2,leaky_relu,Adam,"[64, 64, 32]",Dane2_standardise,0.010833,0.006552,0.010302,20,3.5
3,leaky_relu,Adam,"[64, 64, 32]",Dane2_standardise,0.007764,0.00651,0.007321,22,3.73
4,leaky_relu,Adam,"[64, 64, 32]",Dane2_standardise,0.010372,0.006971,0.009233,18,3.27
5,leaky_relu,Adam,"[64, 64, 32]",Dane2_standardise,0.000389,0.000161,0.000321,148,18.17
6,leaky_relu,Adam,"[64, 64, 32]",Dane2_standardise,0.008433,0.006009,0.007717,23,3.83
7,leaky_relu,Adam,"[64, 64, 32]",Dane2_standardise,0.011036,0.007276,0.010713,19,3.37
8,leaky_relu,Adam,"[64, 64, 32]",Dane2_standardise,0.008887,0.006554,0.008596,20,3.54
9,leaky_relu,Adam,"[64, 64, 32]",Dane2_standardise,0.011547,0.005991,0.010057,19,3.41
10,leaky_relu,Adam,"[64, 64, 32]",Dane2_standardise,0.011058,0.005605,0.009507,18,3.32
1,leaky_relu,Adam,"[64, 64, 32]",Dane2_raw,0.000333,0.000295,0.000271,79,10.2
2,leaky_relu,Adam,"[64, 64, 32]",Dane2_raw,0.000352,0.00033,0.000247,79,10.34
3,leaky_relu,Adam,"[64, 64, 32]",Dane2_raw,0.000341,0.000324,0.000246,161,19.52
4,leaky_relu,Adam,"[64, 64, 32]",Dane2_raw,0.000253,0.00025,0.000209,134,16.45
5,leaky_relu,Adam,"[64, 64, 32]",Dane2_raw,0.000338,0.000313,0.000283,111,13.9
6,leaky_relu,Adam,"[64, 64, 32]",Dane2_raw,0.000274,0.000249,0.000168,116,14.37
7,leaky_relu,Adam,"[64, 64, 32]",Dane2_raw,0.000494,0.000356,0.000331,76,9.95
8,leaky_relu,Adam,"[64, 64, 32]",Dane2_raw,0.00027,0.000265,0.000237,130,16.11
9,leaky_relu,Adam,"[64, 64, 32]",Dane2_raw,0.000371,0.000316,0.000234,112,14.06
10,leaky_relu,Adam,"[64, 64, 32]",Dane2_raw,0.000342,0.000309,0.000242,120,14.86
1,leaky_relu,Adam,"[128, 128, 64]",Dane1_standardise,0.017019,0.022513,0.012166,97,14.13
2,leaky_relu,Adam,"[128, 128, 64]",Dane1_standardise,0.009161,0.01385,0.003583,121,17.34
3,leaky_relu,Adam,"[128, 128, 64]",Dane1_standardise,0.012011,0.015025,0.005768,102,14.83
4,leaky_relu,Adam,"[128, 128, 64]",Dane1_standardise,0.010821,0.014888,0.005445,109,15.7
5,leaky_relu,Adam,"[128, 128, 64]",Dane1_standardise,0.014771,0.018348,0.010724,86,12.72
6,leaky_relu,Adam,"[128, 128, 64]",Dane1_standardise,0.009237,0.013204,0.004237,108,15.59
7,leaky_relu,Adam,"[128, 128, 64]",Dane1_standardise,0.01089,0.011551,0.004528,136,19.45
8,leaky_relu,Adam,"[128, 128, 64]",Dane1_standardise,0.013559,0.01413,0.007361,110,15.94
9,leaky_relu,Adam,"[128, 128, 64]",Dane1_standardise,0.011813,0.014811,0.005923,123,17.67
10,leaky_relu,Adam,"[128, 128, 64]",Dane1_standardise,0.010638,0.016576,0.006145,97,14.1
1,leaky_relu,Adam,"[128, 128, 64]",Dane1_raw,0.466792,0.47511,0.457681,13,2.96
2,leaky_relu,Adam,"[128, 128, 64]",Dane1_raw,0.102854,0.084517,0.102604,62,9.51
3,leaky_relu,Adam,"[128, 128, 64]",Dane1_raw,0.032246,0.033747,0.031046,103,14.97
4,leaky_relu,Adam,"[128, 128, 64]",Dane1_raw,0.474999,0.471908,0.463223,11,2.71
5,leaky_relu,Adam,"[128, 128, 64]",Dane1_raw,0.461948,0.485636,0.456768,12,2.78
6,leaky_relu,Adam,"[128, 128, 64]",Dane1_raw,0.010535,0.015235,0.005926,140,19.95
7,leaky_relu,Adam,"[128, 128, 64]",Dane1_raw,0.518096,0.466469,0.494802,11,2.66
8,leaky_relu,Adam,"[128, 128, 64]",Dane1_raw,0.045025,0.048219,0.046629,82,12.15
9,leaky_relu,Adam,"[128, 128, 64]",Dane1_raw,0.127809,0.107893,0.131514,54,8.45
10,leaky_relu,Adam,"[128, 128, 64]",Dane1_raw,0.039243,0.039809,0.037972,113,16.41
1,leaky_relu,Adam,"[128, 128, 64]",Dane2_standardise,0.000489,0.000273,0.00041,94,11.98
2,leaky_relu,Adam,"[128, 128, 64]",Dane2_standardise,0.000585,0.000191,0.000586,84,10.84
3,leaky_relu,Adam,"[128, 128, 64]",Dane2_standardise,0.000851,0.000427,0.000977,72,9.52
4,leaky_relu,Adam,"[128, 128, 64]",Dane2_standardise,0.000442,0.000197,0.000352,101,12.79
5,leaky_relu,Adam,"[128, 128, 64]",Dane2_standardise,0.023928,0.008948,0.021104,13,2.75
6,leaky_relu,Adam,"[128, 128, 64]",Dane2_standardise,0.00076,0.000476,0.000934,72,9.58
7,leaky_relu,Adam,"[128, 128, 64]",Dane2_standardise,0.000609,0.000247,0.000586,89,11.39
8,leaky_relu,Adam,"[128, 128, 64]",Dane2_standardise,0.000948,0.000243,0.001064,90,11.5
9,leaky_relu,Adam,"[128, 128, 64]",Dane2_standardise,0.00062,0.000189,0.000512,86,11.03
10,leaky_relu,Adam,"[128, 128, 64]",Dane2_standardise,0.000606,0.00028,0.000663,90,11.42
1,leaky_relu,Adam,"[128, 128, 64]",Dane2_raw,0.000387,0.000359,0.000315,78,10.16
2,leaky_relu,Adam,"[128, 128, 64]",Dane2_raw,0.000281,0.000296,0.000238,86,11.13
3,leaky_relu,Adam,"[128, 128, 64]",Dane2_raw,0.000329,0.000309,0.000234,106,13.37
4,leaky_relu,Adam,"[128, 128, 64]",Dane2_raw,0.000247,0.000226,0.0002,104,13.06
5,leaky_relu,Adam,"[128, 128, 64]",Dane2_raw,0.000255,0.000269,0.000268,91,11.7
6,leaky_relu,Adam,"[128, 128, 64]",Dane2_raw,0.000181,0.000164,0.000176,122,15.29
7,leaky_relu,Adam,"[128, 128, 64]",Dane2_raw,0.000367,0.000347,0.000296,102,18.42
8,leaky_relu,Adam,"[128, 128, 64]",Dane2_raw,0.00061,0.000493,0.000403,63,8.8
9,leaky_relu,Adam,"[128, 128, 64]",Dane2_raw,0.000262,0.000259,0.000229,93,12.2
10,leaky_relu,Adam,"[128, 128, 64]",Dane2_raw,0.000338,0.000333,0.00032,78,10.99
1,leaky_relu,Adam,"[256, 256, 128]",Dane1_standardise,0.023425,0.022897,0.017988,67,11.78
2,leaky_relu,Adam,"[256, 256, 128]",Dane1_standardise,0.035205,0.03965,0.032543,65,11.39
3,leaky_relu,Adam,"[256, 256, 128]",Dane1_standardise,0.036178,0.029776,0.02984,59,10.5
4,leaky_relu,Adam,"[256, 256, 128]",Dane1_standardise,0.011405,0.013878,0.006187,89,15.46
5,leaky_relu,Adam,"[256, 256, 128]",Dane1_standardise,0.011185,0.015281,0.006653,82,14.39
6,leaky_relu,Adam,"[256, 256, 128]",Dane1_standardise,0.013142,0.014972,0.007864,81,13.93
7,leaky_relu,Adam,"[256, 256, 128]",Dane1_standardise,0.010291,0.015766,0.004696,92,15.68
8,leaky_relu,Adam,"[256, 256, 128]",Dane1_standardise,0.009229,0.011437,0.002939,96,16.19
9,leaky_relu,Adam,"[256, 256, 128]",Dane1_standardise,0.008107,0.00986,0.002232,112,18.7
10,leaky_relu,Adam,"[256, 256, 128]",Dane1_standardise,0.037824,0.031681,0.031335,62,10.99
1,leaky_relu,Adam,"[256, 256, 128]",Dane1_raw,0.030243,0.031776,0.025129,87,14.97
2,leaky_relu,Adam,"[256, 256, 128]",Dane1_raw,0.017709,0.022987,0.0151,92,15.67
3,leaky_relu,Adam,"[256, 256, 128]",Dane1_raw,0.516763,0.47321,0.495933,11,2.95
4,leaky_relu,Adam,"[256, 256, 128]",Dane1_raw,0.132278,0.126442,0.134701,37,7.02
5,leaky_relu,Adam,"[256, 256, 128]",Dane1_raw,0.478795,0.476051,0.465962,12,3.06
6,leaky_relu,Adam,"[256, 256, 128]",Dane1_raw,0.016987,0.020882,0.010677,101,17.13
7,leaky_relu,Adam,"[256, 256, 128]",Dane1_raw,0.117506,0.10284,0.122066,42,7.67
8,leaky_relu,Adam,"[256, 256, 128]",Dane1_raw,0.024241,0.024881,0.018454,90,15.22
9,leaky_relu,Adam,"[256, 256, 128]",Dane1_raw,0.032807,0.037391,0.03058,96,16.08
10,leaky_relu,Adam,"[256, 256, 128]",Dane1_raw,0.043055,0.046186,0.043399,71,12.16
1,leaky_relu,Adam,"[256, 256, 128]",Dane2_standardise,0.000781,0.000267,0.000944,69,9.81
2,leaky_relu,Adam,"[256, 256, 128]",Dane2_standardise,0.000636,0.000326,0.00061,70,9.89
3,leaky_relu,Adam,"[256, 256, 128]",Dane2_standardise,0.000823,0.000144,0.000887,82,11.34
4,leaky_relu,Adam,"[256, 256, 128]",Dane2_standardise,0.000891,0.000217,0.000962,75,10.49
5,leaky_relu,Adam,"[256, 256, 128]",Dane2_standardise,0.000814,0.000291,0.000888,71,10.02
6,leaky_relu,Adam,"[256, 256, 128]",Dane2_standardise,0.000656,0.00039,0.0006,73,10.18
7,leaky_relu,Adam,"[256, 256, 128]",Dane2_standardise,0.000685,0.000159,0.000599,77,10.69
8,leaky_relu,Adam,"[256, 256, 128]",Dane2_standardise,0.001307,0.000439,0.001669,61,8.75
9,leaky_relu,Adam,"[256, 256, 128]",Dane2_standardise,0.000969,0.000289,0.001033,71,10.06
10,leaky_relu,Adam,"[256, 256, 128]",Dane2_standardise,0.00124,0.000451,0.001629,60,8.67
1,leaky_relu,Adam,"[256, 256, 128]",Dane2_raw,0.00028,0.000299,0.000233,73,10.22
2,leaky_relu,Adam,"[256, 256, 128]",Dane2_raw,0.000343,0.000335,0.000298,58,8.31
3,leaky_relu,Adam,"[256, 256, 128]",Dane2_raw,0.000358,0.000348,0.000334,55,7.96
4,leaky_relu,Adam,"[256, 256, 128]",Dane2_raw,0.0003,0.000298,0.000324,78,10.82
5,leaky_relu,Adam,"[256, 256, 128]",Dane2_raw,0.000352,0.000342,0.000266,62,8.9
6,leaky_relu,Adam,"[256, 256, 128]",Dane2_raw,0.000225,0.00021,0.000207,93,12.71
7,leaky_relu,Adam,"[256, 256, 128]",Dane2_raw,0.000274,0.000276,0.000276,78,10.84
8,leaky_relu,Adam,"[256, 256, 128]",Dane2_raw,0.000486,0.000457,0.000425,47,6.99
9,leaky_relu,Adam,"[256, 256, 128]",Dane2_raw,0.000251,0.000267,0.000253,92,12.45
10,leaky_relu,Adam,"[256, 256, 128]",Dane2_raw,0.000207,0.000165,0.00019,136,17.88
1,leaky_relu,AdamW,[32],Dane1_standardise,0.456304,0.513995,0.460678,11,2.24
2,leaky_relu,AdamW,[32],Dane1_standardise,0.451516,0.519361,0.457212,25,4.0
3,leaky_relu,AdamW,[32],Dane1_standardise,0.458919,0.515288,0.462282,11,2.22
4,leaky_relu,AdamW,[32],Dane1_standardise,0.457554,0.526177,0.463548,11,2.23
5,leaky_relu,AdamW,[32],Dane1_standardise,0.452602,0.51292,0.456874,17,2.98
6,leaky_relu,AdamW,[32],Dane1_standardise,0.467617,0.482851,0.461989,11,2.23
7,leaky_relu,AdamW,[32],Dane1_standardise,0.49088,0.501253,0.480422,11,2.22
8,leaky_relu,AdamW,[32],Dane1_standardise,0.449959,0.515585,0.454897,18,3.09
9,leaky_relu,AdamW,[32],Dane1_standardise,0.52745,0.466129,0.501934,11,2.22
10,leaky_relu,AdamW,[32],Dane1_standardise,0.478785,0.496763,0.470716,11,2.22
1,leaky_relu,AdamW,[32],Dane1_raw,0.460068,0.490911,0.456564,13,2.46
2,leaky_relu,AdamW,[32],Dane1_raw,0.459515,0.519419,0.462654,20,3.37
3,leaky_relu,AdamW,[32],Dane1_raw,0.467658,0.494601,0.465418,27,4.25
4,leaky_relu,AdamW,[32],Dane1_raw,0.46979,0.492434,0.467012,13,2.47
5,leaky_relu,AdamW,[32],Dane1_raw,0.455524,0.495213,0.45489,26,4.19
6,leaky_relu,AdamW,[32],Dane1_raw,0.47864,0.494467,0.474881,13,2.46
7,leaky_relu,AdamW,[32],Dane1_raw,0.472867,0.50017,0.470928,12,2.33
8,leaky_relu,AdamW,[32],Dane1_raw,0.464415,0.494288,0.462144,13,2.47
9,leaky_relu,AdamW,[32],Dane1_raw,0.450154,0.517271,0.454462,24,3.84
10,leaky_relu,AdamW,[32],Dane1_raw,0.445646,0.515153,0.450082,32,4.94
1,leaky_relu,AdamW,[32],Dane2_standardise,0.000353,0.000375,0.000256,550,62.23
2,leaky_relu,AdamW,[32],Dane2_standardise,0.000815,0.00068,0.000727,224,27.72
3,leaky_relu,AdamW,[32],Dane2_standardise,0.003061,0.001567,0.002364,92,11.11
4,leaky_relu,AdamW,[32],Dane2_standardise,0.000839,0.000637,0.000548,130,15.4
5,leaky_relu,AdamW,[32],Dane2_standardise,0.002744,0.000959,0.002742,74,9.3
6,leaky_relu,AdamW,[32],Dane2_standardise,0.00061,0.000295,0.000379,284,32.33
7,leaky_relu,AdamW,[32],Dane2_standardise,0.000659,0.000492,0.00052,184,21.32
8,leaky_relu,AdamW,[32],Dane2_standardise,0.002549,0.001211,0.002266,89,10.81
9,leaky_relu,AdamW,[32],Dane2_standardise,0.003674,0.001065,0.00334,62,8.47
10,leaky_relu,AdamW,[32],Dane2_standardise,0.000449,0.000171,0.000282,299,34.85
1,leaky_relu,AdamW,[32],Dane2_raw,0.001149,0.000741,0.000945,453,51.6
2,leaky_relu,AdamW,[32],Dane2_raw,0.002051,0.00147,0.001675,362,41.54
3,leaky_relu,AdamW,[32],Dane2_raw,0.001642,0.000941,0.001115,505,57.19
4,leaky_relu,AdamW,[32],Dane2_raw,0.002378,0.001707,0.001869,443,50.05
5,leaky_relu,AdamW,[32],Dane2_raw,0.002234,0.001554,0.001729,423,48.0
6,leaky_relu,AdamW,[32],Dane2_raw,0.00901,0.006798,0.008049,103,12.31
7,leaky_relu,AdamW,[32],Dane2_raw,0.002714,0.001957,0.002219,190,22.01
8,leaky_relu,AdamW,[32],Dane2_raw,0.000675,0.000497,0.000476,470,52.94
9,leaky_relu,AdamW,[32],Dane2_raw,0.002049,0.001389,0.00151,421,47.83
10,leaky_relu,AdamW,[32],Dane2_raw,0.002184,0.001589,0.001708,363,41.33
1,leaky_relu,AdamW,"[32, 16]",Dane1_standardise,0.453744,0.516123,0.458293,13,2.67
2,leaky_relu,AdamW,"[32, 16]",Dane1_standardise,0.464244,0.512554,0.464925,11,2.46
3,leaky_relu,AdamW,"[32, 16]",Dane1_standardise,0.20404,0.211683,0.208706,163,22.07
4,leaky_relu,AdamW,"[32, 16]",Dane1_standardise,0.462194,0.488448,0.458091,11,2.33
5,leaky_relu,AdamW,"[32, 16]",Dane1_standardise,0.46003,0.494286,0.457907,11,2.31
6,leaky_relu,AdamW,"[32, 16]",Dane1_standardise,0.215374,0.213485,0.21683,161,21.73
7,leaky_relu,AdamW,"[32, 16]",Dane1_standardise,0.475086,0.481214,0.464692,11,2.33
8,leaky_relu,AdamW,"[32, 16]",Dane1_standardise,0.447195,0.509784,0.451081,18,3.31
9,leaky_relu,AdamW,"[32, 16]",Dane1_standardise,0.439131,0.504456,0.443827,26,4.28
10,leaky_relu,AdamW,"[32, 16]",Dane1_standardise,0.462611,0.501671,0.460818,11,2.36
1,leaky_relu,AdamW,"[32, 16]",Dane1_raw,0.467374,0.482557,0.458332,15,2.88
2,leaky_relu,AdamW,"[32, 16]",Dane1_raw,0.506265,0.472264,0.484338,26,4.45
3,leaky_relu,AdamW,"[32, 16]",Dane1_raw,0.45674,0.502734,0.456126,14,2.75
4,leaky_relu,AdamW,"[32, 16]",Dane1_raw,0.451845,0.501193,0.452375,14,2.73
5,leaky_relu,AdamW,"[32, 16]",Dane1_raw,0.536095,0.491261,0.512589,11,2.36
6,leaky_relu,AdamW,"[32, 16]",Dane1_raw,0.462699,0.496908,0.459629,15,3.16
7,leaky_relu,AdamW,"[32, 16]",Dane1_raw,0.458779,0.473794,0.451506,25,4.16
8,leaky_relu,AdamW,"[32, 16]",Dane1_raw,0.459306,0.498375,0.458161,13,2.59
9,leaky_relu,AdamW,"[32, 16]",Dane1_raw,0.488537,0.472484,0.47441,11,2.31
10,leaky_relu,AdamW,"[32, 16]",Dane1_raw,0.474469,0.486679,0.467942,11,2.33
1,leaky_relu,AdamW,"[32, 16]",Dane2_standardise,0.002698,0.00257,0.002399,82,10.25
2,leaky_relu,AdamW,"[32, 16]",Dane2_standardise,0.006299,0.003755,0.004584,39,5.39
3,leaky_relu,AdamW,"[32, 16]",Dane2_standardise,0.004992,0.002595,0.003783,43,5.8
4,leaky_relu,AdamW,"[32, 16]",Dane2_standardise,0.007138,0.006019,0.006841,41,5.56
5,leaky_relu,AdamW,"[32, 16]",Dane2_standardise,0.006734,0.002962,0.00531,33,4.74
6,leaky_relu,AdamW,"[32, 16]",Dane2_standardise,0.00038,0.000246,0.000248,195,22.83
7,leaky_relu,AdamW,"[32, 16]",Dane2_standardise,0.006219,0.005245,0.006048,43,5.87
8,leaky_relu,AdamW,"[32, 16]",Dane2_standardise,0.004887,0.002866,0.00284,39,5.38
9,leaky_relu,AdamW,"[32, 16]",Dane2_standardise,0.007841,0.003976,0.006534,36,4.98
10,leaky_relu,AdamW,"[32, 16]",Dane2_standardise,0.002307,0.001725,0.001824,74,9.29
1,leaky_relu,AdamW,"[32, 16]",Dane2_raw,0.000322,0.000164,0.000206,182,21.44
2,leaky_relu,AdamW,"[32, 16]",Dane2_raw,0.001815,0.001084,0.001259,182,21.4
3,leaky_relu,AdamW,"[32, 16]",Dane2_raw,0.000352,0.000285,0.000243,197,23.05
4,leaky_relu,AdamW,"[32, 16]",Dane2_raw,0.000567,0.000357,0.000356,150,17.88
5,leaky_relu,AdamW,"[32, 16]",Dane2_raw,0.000456,0.000325,0.000269,275,32.0
6,leaky_relu,AdamW,"[32, 16]",Dane2_raw,0.000474,0.000301,0.000355,232,26.91
7,leaky_relu,AdamW,"[32, 16]",Dane2_raw,0.000354,0.000305,0.000271,317,36.64
8,leaky_relu,AdamW,"[32, 16]",Dane2_raw,0.000773,0.000439,0.000496,184,21.6
9,leaky_relu,AdamW,"[32, 16]",Dane2_raw,0.000415,0.000331,0.000258,379,43.56
10,leaky_relu,AdamW,"[32, 16]",Dane2_raw,0.000612,0.000473,0.000369,256,29.66
1,leaky_relu,AdamW,"[32, 32]",Dane1_standardise,0.438105,0.496719,0.440583,26,4.47
2,leaky_relu,AdamW,"[32, 32]",Dane1_standardise,0.454609,0.503293,0.455796,11,2.36
3,leaky_relu,AdamW,"[32, 32]",Dane1_standardise,0.449806,0.511651,0.454378,19,9.52
4,leaky_relu,AdamW,"[32, 32]",Dane1_standardise,0.450757,0.512151,0.454821,16,2.99
5,leaky_relu,AdamW,"[32, 32]",Dane1_standardise,0.213842,0.211698,0.214657,109,15.19
6,leaky_relu,AdamW,"[32, 32]",Dane1_standardise,0.450381,0.510119,0.453961,16,2.97
7,leaky_relu,AdamW,"[32, 32]",Dane1_standardise,0.450591,0.507904,0.453168,19,3.44
8,leaky_relu,AdamW,"[32, 32]",Dane1_standardise,0.453031,0.510026,0.456144,13,2.63
9,leaky_relu,AdamW,"[32, 32]",Dane1_standardise,0.229638,0.211289,0.226466,133,18.33
10,leaky_relu,AdamW,"[32, 32]",Dane1_standardise,0.446036,0.50938,0.450368,17,3.17
1,leaky_relu,AdamW,"[32, 32]",Dane1_raw,0.457731,0.479894,0.452661,20,3.51
2,leaky_relu,AdamW,"[32, 32]",Dane1_raw,0.46195,0.480628,0.455702,15,2.86
3,leaky_relu,AdamW,"[32, 32]",Dane1_raw,0.482717,0.481749,0.470565,11,2.42
4,leaky_relu,AdamW,"[32, 32]",Dane1_raw,0.467104,0.476822,0.455374,28,4.75
5,leaky_relu,AdamW,"[32, 32]",Dane1_raw,0.454609,0.495999,0.452326,19,3.41
6,leaky_relu,AdamW,"[32, 32]",Dane1_raw,0.465174,0.493395,0.462385,11,2.38
7,leaky_relu,AdamW,"[32, 32]",Dane1_raw,0.473066,0.480108,0.462708,15,2.89
8,leaky_relu,AdamW,"[32, 32]",Dane1_raw,0.452793,0.485853,0.449334,19,3.41
9,leaky_relu,AdamW,"[32, 32]",Dane1_raw,0.467655,0.482,0.461719,12,2.55
10,leaky_relu,AdamW,"[32, 32]",Dane1_raw,0.454635,0.500363,0.455119,13,2.64
1,leaky_relu,AdamW,"[32, 32]",Dane2_standardise,0.006365,0.003949,0.00479,39,5.47
2,leaky_relu,AdamW,"[32, 32]",Dane2_standardise,0.000368,0.000187,0.000269,215,25.42
3,leaky_relu,AdamW,"[32, 32]",Dane2_standardise,0.009564,0.005135,0.008986,30,4.4
4,leaky_relu,AdamW,"[32, 32]",Dane2_standardise,0.011603,0.006642,0.009819,24,3.73
5,leaky_relu,AdamW,"[32, 32]",Dane2_standardise,0.010676,0.006363,0.008936,34,4.89
6,leaky_relu,AdamW,"[32, 32]",Dane2_standardise,0.004737,0.003572,0.00428,38,5.34
7,leaky_relu,AdamW,"[32, 32]",Dane2_standardise,0.006558,0.004557,0.005925,29,4.36
8,leaky_relu,AdamW,"[32, 32]",Dane2_standardise,0.007223,0.003396,0.005935,35,4.98
9,leaky_relu,AdamW,"[32, 32]",Dane2_standardise,0.007039,0.003371,0.005504,36,5.21
10,leaky_relu,AdamW,"[32, 32]",Dane2_standardise,0.008739,0.004188,0.007402,31,4.67
1,leaky_relu,AdamW,"[32, 32]",Dane2_raw,0.000331,0.000267,0.000213,184,22.0
2,leaky_relu,AdamW,"[32, 32]",Dane2_raw,0.000544,0.000385,0.00036,221,26.11
3,leaky_relu,AdamW,"[32, 32]",Dane2_raw,0.00057,0.000346,0.00034,190,22.54
4,leaky_relu,AdamW,"[32, 32]",Dane2_raw,0.000724,0.00057,0.000505,321,37.42
5,leaky_relu,AdamW,"[32, 32]",Dane2_raw,0.000413,0.000307,0.000235,143,17.32
6,leaky_relu,AdamW,"[32, 32]",Dane2_raw,0.000599,0.000338,0.000377,121,14.73
7,leaky_relu,AdamW,"[32, 32]",Dane2_raw,0.000369,0.000272,0.000283,208,24.52
8,leaky_relu,AdamW,"[32, 32]",Dane2_raw,0.000976,0.00055,0.000628,119,14.55
9,leaky_relu,AdamW,"[32, 32]",Dane2_raw,0.000382,0.000311,0.000231,211,24.99
10,leaky_relu,AdamW,"[32, 32]",Dane2_raw,0.000186,0.000168,0.000128,339,39.22
1,leaky_relu,AdamW,"[64, 64, 32]",Dane1_standardise,0.029511,0.030566,0.027112,134,19.2
2,leaky_relu,AdamW,"[64, 64, 32]",Dane1_standardise,0.012393,0.014329,0.006284,177,24.72
3,leaky_relu,AdamW,"[64, 64, 32]",Dane1_standardise,0.008449,0.011877,0.003293,183,25.56
4,leaky_relu,AdamW,"[64, 64, 32]",Dane1_standardise,0.009618,0.012499,0.003679,140,19.87
5,leaky_relu,AdamW,"[64, 64, 32]",Dane1_standardise,0.012333,0.014155,0.007079,161,22.72
6,leaky_relu,AdamW,"[64, 64, 32]",Dane1_standardise,0.012151,0.014971,0.006838,152,21.24
7,leaky_relu,AdamW,"[64, 64, 32]",Dane1_standardise,0.01051,0.012467,0.00513,173,24.11
8,leaky_relu,AdamW,"[64, 64, 32]",Dane1_standardise,0.096568,0.096274,0.103018,74,10.91
9,leaky_relu,AdamW,"[64, 64, 32]",Dane1_standardise,0.01493,0.018722,0.010883,146,20.53
10,leaky_relu,AdamW,"[64, 64, 32]",Dane1_standardise,0.011236,0.013895,0.005292,173,24.25
1,leaky_relu,AdamW,"[64, 64, 32]",Dane1_raw,0.117336,0.109152,0.123605,86,12.51
2,leaky_relu,AdamW,"[64, 64, 32]",Dane1_raw,0.157529,0.132962,0.158046,59,9.0
3,leaky_relu,AdamW,"[64, 64, 32]",Dane1_raw,0.497858,0.464245,0.477724,14,2.98
4,leaky_relu,AdamW,"[64, 64, 32]",Dane1_raw,0.45558,0.472266,0.445901,20,3.8
5,leaky_relu,AdamW,"[64, 64, 32]",Dane1_raw,0.469355,0.486665,0.462225,11,2.62
6,leaky_relu,AdamW,"[64, 64, 32]",Dane1_raw,0.478235,0.473245,0.46461,14,3.0
7,leaky_relu,AdamW,"[64, 64, 32]",Dane1_raw,0.447463,0.482382,0.442975,18,3.55
8,leaky_relu,AdamW,"[64, 64, 32]",Dane1_raw,0.013318,0.017578,0.0088,155,21.8
9,leaky_relu,AdamW,"[64, 64, 32]",Dane1_raw,0.108485,0.101114,0.114119,87,12.72
10,leaky_relu,AdamW,"[64, 64, 32]",Dane1_raw,0.477042,0.479102,0.465157,12,2.75
1,leaky_relu,AdamW,"[64, 64, 32]",Dane2_standardise,0.000443,0.000215,0.000389,105,13.14
2,leaky_relu,AdamW,"[64, 64, 32]",Dane2_standardise,0.007693,0.005746,0.007888,21,3.75
3,leaky_relu,AdamW,"[64, 64, 32]",Dane2_standardise,0.011073,0.008316,0.009351,19,3.42
4,leaky_relu,AdamW,"[64, 64, 32]",Dane2_standardise,0.009391,0.006599,0.008524,19,3.42
5,leaky_relu,AdamW,"[64, 64, 32]",Dane2_standardise,0.008656,0.00594,0.00795,19,3.39
6,leaky_relu,AdamW,"[64, 64, 32]",Dane2_standardise,0.008033,0.005914,0.006723,20,3.52
7,leaky_relu,AdamW,"[64, 64, 32]",Dane2_standardise,0.012102,0.009079,0.011814,18,3.24
8,leaky_relu,AdamW,"[64, 64, 32]",Dane2_standardise,0.010644,0.007493,0.010137,18,3.29
9,leaky_relu,AdamW,"[64, 64, 32]",Dane2_standardise,0.007377,0.004886,0.007427,23,3.81
10,leaky_relu,AdamW,"[64, 64, 32]",Dane2_standardise,0.009779,0.005325,0.007608,20,3.51
1,leaky_relu,AdamW,"[64, 64, 32]",Dane2_raw,0.00049,0.000388,0.000411,73,9.55
2,leaky_relu,AdamW,"[64, 64, 32]",Dane2_raw,0.000249,0.00022,0.000225,114,14.14
3,leaky_relu,AdamW,"[64, 64, 32]",Dane2_raw,0.000546,0.000379,0.000424,67,8.91
4,leaky_relu,AdamW,"[64, 64, 32]",Dane2_raw,0.000362,0.000335,0.000305,133,16.37
5,leaky_relu,AdamW,"[64, 64, 32]",Dane2_raw,0.000448,0.000328,0.000301,76,9.84
6,leaky_relu,AdamW,"[64, 64, 32]",Dane2_raw,0.000378,0.000343,0.000224,115,14.22
7,leaky_relu,AdamW,"[64, 64, 32]",Dane2_raw,0.00042,0.000332,0.000319,98,12.52
8,leaky_relu,AdamW,"[64, 64, 32]",Dane2_raw,0.000228,0.000224,0.000186,128,15.72
9,leaky_relu,AdamW,"[64, 64, 32]",Dane2_raw,0.000327,0.000282,0.000277,110,13.75
10,leaky_relu,AdamW,"[64, 64, 32]",Dane2_raw,0.000443,0.000331,0.000275,107,13.41
1,leaky_relu,AdamW,"[128, 128, 64]",Dane1_standardise,0.010463,0.014841,0.00517,99,14.81
2,leaky_relu,AdamW,"[128, 128, 64]",Dane1_standardise,0.116617,0.098897,0.118217,53,8.31
3,leaky_relu,AdamW,"[128, 128, 64]",Dane1_standardise,0.013322,0.013875,0.00681,119,17.26
4,leaky_relu,AdamW,"[128, 128, 64]",Dane1_standardise,0.010925,0.012945,0.005141,121,17.58
5,leaky_relu,AdamW,"[128, 128, 64]",Dane1_standardise,0.012606,0.016691,0.007175,106,15.68
6,leaky_relu,AdamW,"[128, 128, 64]",Dane1_standardise,0.014949,0.019337,0.010125,88,13.14
7,leaky_relu,AdamW,"[128, 128, 64]",Dane1_standardise,0.010659,0.013637,0.004791,114,16.69
8,leaky_relu,AdamW,"[128, 128, 64]",Dane1_standardise,0.010675,0.014199,0.005966,121,17.75
9,leaky_relu,AdamW,"[128, 128, 64]",Dane1_standardise,0.012283,0.015353,0.005726,110,16.13
10,leaky_relu,AdamW,"[128, 128, 64]",Dane1_standardise,0.014682,0.016498,0.009278,92,13.69
1,leaky_relu,AdamW,"[128, 128, 64]",Dane1_raw,0.01777,0.019476,0.011936,116,17.01
2,leaky_relu,AdamW,"[128, 128, 64]",Dane1_raw,0.011318,0.014426,0.00623,147,21.25
3,leaky_relu,AdamW,"[128, 128, 64]",Dane1_raw,0.078025,0.085863,0.085092,64,9.96
4,leaky_relu,AdamW,"[128, 128, 64]",Dane1_raw,0.537793,0.483977,0.511298,12,2.77
5,leaky_relu,AdamW,"[128, 128, 64]",Dane1_raw,0.019905,0.024476,0.017003,122,17.66
6,leaky_relu,AdamW,"[128, 128, 64]",Dane1_raw,0.033039,0.036542,0.029815,105,15.43
7,leaky_relu,AdamW,"[128, 128, 64]",Dane1_raw,0.496547,0.474308,0.481492,12,2.74
8,leaky_relu,AdamW,"[128, 128, 64]",Dane1_raw,0.46907,0.477107,0.460633,11,2.64
9,leaky_relu,AdamW,"[128, 128, 64]",Dane1_raw,0.100058,0.081812,0.100524,65,9.95
10,leaky_relu,AdamW,"[128, 128, 64]",Dane1_raw,0.044736,0.05135,0.045321,101,14.95
1,leaky_relu,AdamW,"[128, 128, 64]",Dane2_standardise,0.000696,0.00044,0.000796,86,11.14
2,leaky_relu,AdamW,"[128, 128, 64]",Dane2_standardise,0.000676,0.000485,0.000675,73,9.63
3,leaky_relu,AdamW,"[128, 128, 64]",Dane2_standardise,0.000555,0.000224,0.000488,95,12.18
4,leaky_relu,AdamW,"[128, 128, 64]",Dane2_standardise,0.000447,0.000335,0.000345,83,10.77
5,leaky_relu,AdamW,"[128, 128, 64]",Dane2_standardise,0.000641,0.000319,0.000668,85,11.15
6,leaky_relu,AdamW,"[128, 128, 64]",Dane2_standardise,0.000762,0.000227,0.000789,102,12.98
7,leaky_relu,AdamW,"[128, 128, 64]",Dane2_standardise,0.000755,0.000158,0.000727,84,10.95
8,leaky_relu,AdamW,"[128, 128, 64]",Dane2_standardise,0.000942,0.00018,0.000992,89,11.39
9,leaky_relu,AdamW,"[128, 128, 64]",Dane2_standardise,0.011889,0.007739,0.010006,17,3.14
10,leaky_relu,AdamW,"[128, 128, 64]",Dane2_standardise,0.000568,8.5e-05,0.000481,109,13.7
1,leaky_relu,AdamW,"[128, 128, 64]",Dane2_raw,0.000208,0.000191,0.000193,162,19.82
2,leaky_relu,AdamW,"[128, 128, 64]",Dane2_raw,0.000559,0.000461,0.000423,70,9.22
3,leaky_relu,AdamW,"[128, 128, 64]",Dane2_raw,0.00032,0.000321,0.000271,73,9.66
4,leaky_relu,AdamW,"[128, 128, 64]",Dane2_raw,0.000239,0.000236,0.000207,110,13.79
5,leaky_relu,AdamW,"[128, 128, 64]",Dane2_raw,0.00039,0.000357,0.000353,104,13.24
6,leaky_relu,AdamW,"[128, 128, 64]",Dane2_raw,0.000344,0.000326,0.000288,92,11.8
7,leaky_relu,AdamW,"[128, 128, 64]",Dane2_raw,0.000265,0.000254,0.000257,122,15.2
8,leaky_relu,AdamW,"[128, 128, 64]",Dane2_raw,0.00032,0.000317,0.000315,75,10.04
9,leaky_relu,AdamW,"[128, 128, 64]",Dane2_raw,0.000205,0.000194,0.000206,148,18.17
10,leaky_relu,AdamW,"[128, 128, 64]",Dane2_raw,0.000281,0.000283,0.000275,90,11.61
1,leaky_relu,AdamW,"[256, 256, 128]",Dane1_standardise,0.012151,0.017046,0.007948,76,13.45
2,leaky_relu,AdamW,"[256, 256, 128]",Dane1_standardise,0.049945,0.049813,0.050742,57,9.89
3,leaky_relu,AdamW,"[256, 256, 128]",Dane1_standardise,0.012589,0.015565,0.006841,73,12.55
4,leaky_relu,AdamW,"[256, 256, 128]",Dane1_standardise,0.011552,0.019006,0.006499,88,14.77
5,leaky_relu,AdamW,"[256, 256, 128]",Dane1_standardise,0.010551,0.012847,0.004582,96,16.05
6,leaky_relu,AdamW,"[256, 256, 128]",Dane1_standardise,0.012401,0.01441,0.006638,79,13.36
7,leaky_relu,AdamW,"[256, 256, 128]",Dane1_standardise,0.076073,0.055442,0.069834,50,8.91
8,leaky_relu,AdamW,"[256, 256, 128]",Dane1_standardise,0.011335,0.018168,0.007217,82,13.88
9,leaky_relu,AdamW,"[256, 256, 128]",Dane1_standardise,0.012574,0.01672,0.007296,76,20.27
10,leaky_relu,AdamW,"[256, 256, 128]",Dane1_standardise,0.013081,0.014526,0.007395,87,15.4
1,leaky_relu,AdamW,"[256, 256, 128]",Dane1_raw,0.024592,0.02789,0.022472,84,14.84
2,leaky_relu,AdamW,"[256, 256, 128]",Dane1_raw,0.013851,0.019704,0.009914,90,15.99
3,leaky_relu,AdamW,"[256, 256, 128]",Dane1_raw,0.107127,0.104803,0.113394,46,8.69
4,leaky_relu,AdamW,"[256, 256, 128]",Dane1_raw,0.027322,0.029119,0.023704,86,15.14
5,leaky_relu,AdamW,"[256, 256, 128]",Dane1_raw,0.023298,0.025333,0.018997,108,18.45
6,leaky_relu,AdamW,"[256, 256, 128]",Dane1_raw,0.035187,0.032763,0.031683,79,13.97
7,leaky_relu,AdamW,"[256, 256, 128]",Dane1_raw,0.039048,0.03788,0.036019,83,14.68
8,leaky_relu,AdamW,"[256, 256, 128]",Dane1_raw,0.022862,0.029761,0.020968,91,15.94
9,leaky_relu,AdamW,"[256, 256, 128]",Dane1_raw,0.047891,0.050141,0.04952,74,13.16
10,leaky_relu,AdamW,"[256, 256, 128]",Dane1_raw,0.011019,0.014143,0.005463,118,20.25
1,leaky_relu,AdamW,"[256, 256, 128]",Dane2_standardise,0.000736,0.0003,0.000787,57,8.39
2,leaky_relu,AdamW,"[256, 256, 128]",Dane2_standardise,0.000731,0.000242,0.00065,70,9.94
3,leaky_relu,AdamW,"[256, 256, 128]",Dane2_standardise,0.000522,0.0001,0.000459,98,13.55
4,leaky_relu,AdamW,"[256, 256, 128]",Dane2_standardise,0.000549,0.000165,0.000526,81,11.36
5,leaky_relu,AdamW,"[256, 256, 128]",Dane2_standardise,0.000547,0.000156,0.000485,70,9.97
6,leaky_relu,AdamW,"[256, 256, 128]",Dane2_standardise,0.000596,0.000265,0.000591,73,10.33
7,leaky_relu,AdamW,"[256, 256, 128]",Dane2_standardise,0.00103,0.000148,0.001118,79,11.14
8,leaky_relu,AdamW,"[256, 256, 128]",Dane2_standardise,0.000745,0.000133,0.00078,71,10.2
9,leaky_relu,AdamW,"[256, 256, 128]",Dane2_standardise,0.00067,0.000351,0.000734,64,9.21
10,leaky_relu,AdamW,"[256, 256, 128]",Dane2_standardise,0.000746,0.000296,0.000787,76,10.73
1,leaky_relu,AdamW,"[256, 256, 128]",Dane2_raw,0.00041,0.000368,0.000284,49,7.38
2,leaky_relu,AdamW,"[256, 256, 128]",Dane2_raw,0.00028,0.000282,0.000244,82,11.4
3,leaky_relu,AdamW,"[256, 256, 128]",Dane2_raw,0.000414,0.000377,0.000296,67,9.58
4,leaky_relu,AdamW,"[256, 256, 128]",Dane2_raw,0.000263,0.000252,0.000237,95,13.02
5,leaky_relu,AdamW,"[256, 256, 128]",Dane2_raw,0.0004,0.000369,0.000323,51,7.59
6,leaky_relu,AdamW,"[256, 256, 128]",Dane2_raw,0.00027,0.000277,0.000242,76,10.6
7,leaky_relu,AdamW,"[256, 256, 128]",Dane2_raw,0.000224,0.000231,0.000196,94,12.82
8,leaky_relu,AdamW,"[256, 256, 128]",Dane2_raw,0.000281,0.000302,0.000275,82,11.39
9,leaky_relu,AdamW,"[256, 256, 128]",Dane2_raw,0.000305,0.000311,0.000283,77,10.75
10,leaky_relu,AdamW,"[256, 256, 128]",Dane2_raw,0.000303,0.000291,0.00025,70,9.83
1,leaky_relu,SGD,[32],Dane1_standardise,0.461889,0.488989,0.457137,12,2.14
2,leaky_relu,SGD,[32],Dane1_standardise,0.496067,0.494237,0.485184,20,3.83
3,leaky_relu,SGD,[32],Dane1_standardise,0.450202,0.508536,0.45323,14,2.25
4,leaky_relu,SGD,[32],Dane1_standardise,0.441183,0.394631,0.420804,76,10.24
5,leaky_relu,SGD,[32],Dane1_standardise,0.453434,0.504383,0.45379,30,4.31
6,leaky_relu,SGD,[32],Dane1_standardise,0.465546,0.492779,0.459781,14,2.27
7,leaky_relu,SGD,[32],Dane1_standardise,0.46502,0.488467,0.45844,24,3.5
8,leaky_relu,SGD,[32],Dane1_standardise,0.456568,0.493251,0.454238,12,2.02
9,leaky_relu,SGD,[32],Dane1_standardise,0.276619,0.24217,0.268451,123,16.22
10,leaky_relu,SGD,[32],Dane1_standardise,0.467993,0.47048,0.456866,31,4.43
1,leaky_relu,SGD,[32],Dane1_raw,0.47358,0.478719,0.463949,19,2.87
2,leaky_relu,SGD,[32],Dane1_raw,0.479732,0.475034,0.467139,18,2.86
3,leaky_relu,SGD,[32],Dane1_raw,0.494021,0.463295,0.475905,12,2.04
4,leaky_relu,SGD,[32],Dane1_raw,0.509779,0.478218,0.489832,12,2.02
5,leaky_relu,SGD,[32],Dane1_raw,0.472269,0.474935,0.463729,14,2.26
6,leaky_relu,SGD,[32],Dane1_raw,0.480972,0.487476,0.472183,15,2.41
7,leaky_relu,SGD,[32],Dane1_raw,0.50786,0.46605,0.485965,13,2.07
8,leaky_relu,SGD,[32],Dane1_raw,0.488868,0.484971,0.476359,13,2.11
9,leaky_relu,SGD,[32],Dane1_raw,0.469015,0.477583,0.459476,13,2.14
10,leaky_relu,SGD,[32],Dane1_raw,0.468152,0.478784,0.460892,21,3.13
1,leaky_relu,SGD,[32],Dane2_standardise,0.000602,0.000277,0.000479,88,10.27
2,leaky_relu,SGD,[32],Dane2_standardise,0.001787,0.000701,0.00173,20,2.77
3,leaky_relu,SGD,[32],Dane2_standardise,0.001443,0.000703,0.001027,20,2.73
4,leaky_relu,SGD,[32],Dane2_standardise,0.001494,0.000785,0.001437,22,3.02
5,leaky_relu,SGD,[32],Dane2_standardise,0.000471,0.000414,0.000375,134,15.5
6,leaky_relu,SGD,[32],Dane2_standardise,0.003039,0.00067,0.002989,17,2.72
7,leaky_relu,SGD,[32],Dane2_standardise,0.00178,0.000935,0.001621,23,3.3
8,leaky_relu,SGD,[32],Dane2_standardise,0.001237,0.000521,0.001154,23,3.11
9,leaky_relu,SGD,[32],Dane2_standardise,0.000595,0.000187,0.000496,36,4.51
10,leaky_relu,SGD,[32],Dane2_standardise,0.00086,0.000802,0.000715,135,15.58
1,leaky_relu,SGD,[32],Dane2_raw,0.001663,0.001106,0.001314,262,29.89
2,leaky_relu,SGD,[32],Dane2_raw,0.001078,0.000559,0.001018,116,13.69
3,leaky_relu,SGD,[32],Dane2_raw,0.000618,0.000236,0.000511,357,40.28
4,leaky_relu,SGD,[32],Dane2_raw,0.00101,0.000443,0.000902,213,24.14
5,leaky_relu,SGD,[32],Dane2_raw,0.00086,0.000427,0.000763,241,27.39
6,leaky_relu,SGD,[32],Dane2_raw,0.000879,0.000514,0.000786,195,22.33
7,leaky_relu,SGD,[32],Dane2_raw,0.000677,0.000249,0.000573,400,45.05
8,leaky_relu,SGD,[32],Dane2_raw,0.000747,0.000388,0.000658,217,24.69
9,leaky_relu,SGD,[32],Dane2_raw,0.00161,0.001077,0.00139,196,22.38
10,leaky_relu,SGD,[32],Dane2_raw,0.001177,0.000418,0.001027,419,47.23
1,leaky_relu,SGD,"[32, 16]",Dane1_standardise,0.429302,0.478161,0.428481,31,4.68
2,leaky_relu,SGD,"[32, 16]",Dane1_standardise,0.45188,0.512295,0.455054,22,3.38
3,leaky_relu,SGD,"[32, 16]",Dane1_standardise,0.455602,0.493536,0.453372,18,2.92
4,leaky_relu,SGD,"[32, 16]",Dane1_standardise,0.451113,0.466868,0.443335,26,3.98
5,leaky_relu,SGD,"[32, 16]",Dane1_standardise,0.314627,0.260461,0.299454,62,8.58
6,leaky_relu,SGD,"[32, 16]",Dane1_standardise,0.4637,0.491311,0.459575,20,3.2
7,leaky_relu,SGD,"[32, 16]",Dane1_standardise,0.192655,0.159065,0.192215,87,11.82
8,leaky_relu,SGD,"[32, 16]",Dane1_standardise,0.315993,0.285842,0.305487,47,6.66
9,leaky_relu,SGD,"[32, 16]",Dane1_standardise,0.213413,0.218051,0.215477,72,9.86
10,leaky_relu,SGD,"[32, 16]",Dane1_standardise,0.217798,0.219119,0.221909,76,10.5
1,leaky_relu,SGD,"[32, 16]",Dane1_raw,0.4653,0.489443,0.460629,14,2.37
2,leaky_relu,SGD,"[32, 16]",Dane1_raw,0.130497,0.126217,0.133373,72,9.78
3,leaky_relu,SGD,"[32, 16]",Dane1_raw,0.468796,0.49468,0.464786,13,2.24
4,leaky_relu,SGD,"[32, 16]",Dane1_raw,0.450875,0.504257,0.452083,17,2.81
5,leaky_relu,SGD,"[32, 16]",Dane1_raw,0.567498,0.500191,0.542108,12,2.11
6,leaky_relu,SGD,"[32, 16]",Dane1_raw,0.492652,0.466517,0.474648,12,2.11
7,leaky_relu,SGD,"[32, 16]",Dane1_raw,0.472584,0.48902,0.465514,12,2.12
8,leaky_relu,SGD,"[32, 16]",Dane1_raw,0.177606,0.130921,0.16672,91,12.36
9,leaky_relu,SGD,"[32, 16]",Dane1_raw,0.50186,0.474522,0.484996,13,2.31
10,leaky_relu,SGD,"[32, 16]",Dane1_raw,0.197593,0.237143,0.202914,52,7.25
1,leaky_relu,SGD,"[32, 16]",Dane2_standardise,0.000406,0.000164,0.000311,148,17.31
2,leaky_relu,SGD,"[32, 16]",Dane2_standardise,0.000471,0.0002,0.000298,80,9.66
3,leaky_relu,SGD,"[32, 16]",Dane2_standardise,0.000492,0.000286,0.000346,135,15.89
4,leaky_relu,SGD,"[32, 16]",Dane2_standardise,0.002364,0.000733,0.001874,20,2.87
5,leaky_relu,SGD,"[32, 16]",Dane2_standardise,0.00045,0.000342,0.000355,198,23.05
6,leaky_relu,SGD,"[32, 16]",Dane2_standardise,0.000763,0.000538,0.000752,100,11.92
7,leaky_relu,SGD,"[32, 16]",Dane2_standardise,0.000486,0.000329,0.000367,123,14.42
8,leaky_relu,SGD,"[32, 16]",Dane2_standardise,0.000479,0.000356,0.000306,132,15.43
9,leaky_relu,SGD,"[32, 16]",Dane2_standardise,0.000326,0.000205,0.000177,137,15.92
10,leaky_relu,SGD,"[32, 16]",Dane2_standardise,0.000435,0.000285,0.000246,60,7.41
1,leaky_relu,SGD,"[32, 16]",Dane2_raw,0.00073,0.000273,0.000559,61,7.44
2,leaky_relu,SGD,"[32, 16]",Dane2_raw,0.000533,0.000309,0.000408,110,12.94
3,leaky_relu,SGD,"[32, 16]",Dane2_raw,0.000717,0.000254,0.000533,75,9.03
4,leaky_relu,SGD,"[32, 16]",Dane2_raw,0.000586,0.000351,0.000507,96,11.39
5,leaky_relu,SGD,"[32, 16]",Dane2_raw,0.000553,0.00015,0.00042,103,12.16
6,leaky_relu,SGD,"[32, 16]",Dane2_raw,0.001494,0.000646,0.00135,86,10.34
7,leaky_relu,SGD,"[32, 16]",Dane2_raw,0.000766,0.000383,0.000616,127,15.05
8,leaky_relu,SGD,"[32, 16]",Dane2_raw,0.000822,0.000235,0.0007,121,14.23
9,leaky_relu,SGD,"[32, 16]",Dane2_raw,0.000609,0.000364,0.000469,174,20.17
10,leaky_relu,SGD,"[32, 16]",Dane2_raw,0.000664,0.000373,0.000548,130,15.23
1,leaky_relu,SGD,"[32, 32]",Dane1_standardise,0.457899,0.485452,0.452808,13,2.42
2,leaky_relu,SGD,"[32, 32]",Dane1_standardise,0.232082,0.209124,0.22639,57,7.97
3,leaky_relu,SGD,"[32, 32]",Dane1_standardise,0.155151,0.123922,0.152335,120,16.06
4,leaky_relu,SGD,"[32, 32]",Dane1_standardise,0.318359,0.318464,0.31066,53,7.37
5,leaky_relu,SGD,"[32, 32]",Dane1_standardise,0.473825,0.486594,0.465778,23,3.53
6,leaky_relu,SGD,"[32, 32]",Dane1_standardise,0.178791,0.159551,0.17983,96,12.95
7,leaky_relu,SGD,"[32, 32]",Dane1_standardise,0.210698,0.243154,0.221838,67,9.41
8,leaky_relu,SGD,"[32, 32]",Dane1_standardise,0.123831,0.121509,0.127822,125,16.61
9,leaky_relu,SGD,"[32, 32]",Dane1_standardise,0.097974,0.083695,0.096443,108,14.55
10,leaky_relu,SGD,"[32, 32]",Dane1_standardise,0.263212,0.227096,0.255211,66,9.05
1,leaky_relu,SGD,"[32, 32]",Dane1_raw,0.47356,0.479297,0.464272,11,1.94
2,leaky_relu,SGD,"[32, 32]",Dane1_raw,0.302524,0.339745,0.30343,33,4.81
3,leaky_relu,SGD,"[32, 32]",Dane1_raw,0.178252,0.130725,0.16903,69,9.47
4,leaky_relu,SGD,"[32, 32]",Dane1_raw,0.230094,0.214929,0.229635,60,8.26
5,leaky_relu,SGD,"[32, 32]",Dane1_raw,0.145854,0.142461,0.147341,83,11.42
6,leaky_relu,SGD,"[32, 32]",Dane1_raw,0.54783,0.480845,0.519066,11,1.96
7,leaky_relu,SGD,"[32, 32]",Dane1_raw,0.195044,0.14144,0.183032,81,11.08
8,leaky_relu,SGD,"[32, 32]",Dane1_raw,0.484006,0.479004,0.471382,12,2.11
9,leaky_relu,SGD,"[32, 32]",Dane1_raw,0.461241,0.491515,0.458128,12,2.1
10,leaky_relu,SGD,"[32, 32]",Dane1_raw,0.223591,0.229717,0.226054,53,7.39
1,leaky_relu,SGD,"[32, 32]",Dane2_standardise,0.000566,0.000359,0.000491,72,8.75
2,leaky_relu,SGD,"[32, 32]",Dane2_standardise,0.000444,0.000359,0.000403,181,21.08
3,leaky_relu,SGD,"[32, 32]",Dane2_standardise,0.001177,0.0005,0.000993,25,3.43
4,leaky_relu,SGD,"[32, 32]",Dane2_standardise,0.000344,0.000149,0.000235,139,16.15
5,leaky_relu,SGD,"[32, 32]",Dane2_standardise,0.000465,0.000272,0.000311,82,9.87
6,leaky_relu,SGD,"[32, 32]",Dane2_standardise,0.000396,0.000175,0.000274,99,11.67
7,leaky_relu,SGD,"[32, 32]",Dane2_standardise,0.000352,0.000186,0.000214,88,10.47
8,leaky_relu,SGD,"[32, 32]",Dane2_standardise,0.000551,0.000296,0.000439,72,8.72
9,leaky_relu,SGD,"[32, 32]",Dane2_standardise,0.000619,0.00048,0.000463,69,8.33
10,leaky_relu,SGD,"[32, 32]",Dane2_standardise,0.000372,0.00021,0.000195,64,7.81
1,leaky_relu,SGD,"[32, 32]",Dane2_raw,0.000566,0.000177,0.00046,163,18.97
2,leaky_relu,SGD,"[32, 32]",Dane2_raw,0.000369,0.000112,0.000239,124,14.58
3,leaky_relu,SGD,"[32, 32]",Dane2_raw,0.001652,0.000692,0.00143,50,6.25
4,leaky_relu,SGD,"[32, 32]",Dane2_raw,0.000864,0.000398,0.000782,88,10.45
5,leaky_relu,SGD,"[32, 32]",Dane2_raw,0.000619,0.000212,0.000474,80,9.63
6,leaky_relu,SGD,"[32, 32]",Dane2_raw,0.000321,0.000128,0.000195,104,12.28
7,leaky_relu,SGD,"[32, 32]",Dane2_raw,0.000561,0.000172,0.00046,77,9.36
8,leaky_relu,SGD,"[32, 32]",Dane2_raw,0.00037,9.5e-05,0.000241,150,17.39
9,leaky_relu,SGD,"[32, 32]",Dane2_raw,0.000918,0.000371,0.00072,58,7.11
10,leaky_relu,SGD,"[32, 32]",Dane2_raw,0.000457,0.000161,0.000308,85,10.11
1,leaky_relu,SGD,"[64, 64, 32]",Dane1_standardise,0.45824,0.506622,0.459731,14,2.67
2,leaky_relu,SGD,"[64, 64, 32]",Dane1_standardise,0.015309,0.021574,0.011036,103,14.03
3,leaky_relu,SGD,"[64, 64, 32]",Dane1_standardise,0.016654,0.017735,0.009635,106,14.55
4,leaky_relu,SGD,"[64, 64, 32]",Dane1_standardise,0.014486,0.016552,0.007928,114,15.5
5,leaky_relu,SGD,"[64, 64, 32]",Dane1_standardise,0.025493,0.032466,0.023322,78,10.83
6,leaky_relu,SGD,"[64, 64, 32]",Dane1_standardise,0.451369,0.501982,0.452299,13,2.34
7,leaky_relu,SGD,"[64, 64, 32]",Dane1_standardise,0.130912,0.090521,0.125333,69,9.7
8,leaky_relu,SGD,"[64, 64, 32]",Dane1_standardise,0.030989,0.03042,0.024016,90,12.35
9,leaky_relu,SGD,"[64, 64, 32]",Dane1_standardise,0.087879,0.057563,0.079087,75,10.61
10,leaky_relu,SGD,"[64, 64, 32]",Dane1_standardise,0.053041,0.052196,0.055092,110,14.97
1,leaky_relu,SGD,"[64, 64, 32]",Dane1_raw,0.478964,0.472872,0.466235,11,2.12
2,leaky_relu,SGD,"[64, 64, 32]",Dane1_raw,0.176738,0.148827,0.172909,48,6.92
3,leaky_relu,SGD,"[64, 64, 32]",Dane1_raw,0.105148,0.093862,0.108816,67,9.42
4,leaky_relu,SGD,"[64, 64, 32]",Dane1_raw,0.141218,0.116608,0.136746,71,9.9
5,leaky_relu,SGD,"[64, 64, 32]",Dane1_raw,0.119107,0.110325,0.122945,60,8.55
6,leaky_relu,SGD,"[64, 64, 32]",Dane1_raw,0.505039,0.467548,0.484228,11,2.06
7,leaky_relu,SGD,"[64, 64, 32]",Dane1_raw,0.174563,0.123395,0.164142,62,8.74
8,leaky_relu,SGD,"[64, 64, 32]",Dane1_raw,0.160047,0.129849,0.154584,50,7.19
9,leaky_relu,SGD,"[64, 64, 32]",Dane1_raw,0.475352,0.477438,0.464501,13,2.36
10,leaky_relu,SGD,"[64, 64, 32]",Dane1_raw,0.150756,0.106412,0.142413,61,8.64
1,leaky_relu,SGD,"[64, 64, 32]",Dane2_standardise,0.000422,0.000229,0.000293,161,18.93
2,leaky_relu,SGD,"[64, 64, 32]",Dane2_standardise,0.0005,0.000357,0.00053,85,10.27
3,leaky_relu,SGD,"[64, 64, 32]",Dane2_standardise,0.000622,0.000535,0.000529,66,8.24
4,leaky_relu,SGD,"[64, 64, 32]",Dane2_standardise,0.00033,0.000158,0.00023,185,21.61
5,leaky_relu,SGD,"[64, 64, 32]",Dane2_standardise,0.000366,0.000141,0.000235,137,16.23
6,leaky_relu,SGD,"[64, 64, 32]",Dane2_standardise,0.000405,0.000205,0.000278,103,12.32
7,leaky_relu,SGD,"[64, 64, 32]",Dane2_standardise,0.000421,0.000304,0.000322,114,13.6
8,leaky_relu,SGD,"[64, 64, 32]",Dane2_standardise,0.000403,0.000229,0.000306,152,17.81
9,leaky_relu,SGD,"[64, 64, 32]",Dane2_standardise,0.000404,0.000254,0.000316,135,16.05
10,leaky_relu,SGD,"[64, 64, 32]",Dane2_standardise,0.000471,0.000253,0.000396,97,11.66
1,leaky_relu,SGD,"[64, 64, 32]",Dane2_raw,0.000464,0.000144,0.00035,67,8.3
2,leaky_relu,SGD,"[64, 64, 32]",Dane2_raw,0.000665,0.00017,0.000518,62,7.75
3,leaky_relu,SGD,"[64, 64, 32]",Dane2_raw,0.000825,0.000221,0.000624,61,7.61
4,leaky_relu,SGD,"[64, 64, 32]",Dane2_raw,0.000596,0.00015,0.000498,98,11.83
5,leaky_relu,SGD,"[64, 64, 32]",Dane2_raw,0.000296,7.5e-05,0.000162,115,13.82
6,leaky_relu,SGD,"[64, 64, 32]",Dane2_raw,0.000489,9.4e-05,0.000353,88,10.64
7,leaky_relu,SGD,"[64, 64, 32]",Dane2_raw,0.000439,0.000118,0.000295,67,8.33
8,leaky_relu,SGD,"[64, 64, 32]",Dane2_raw,0.000543,0.000128,0.000408,93,11.22
9,leaky_relu,SGD,"[64, 64, 32]",Dane2_raw,0.000458,0.000122,0.000302,80,9.8
10,leaky_relu,SGD,"[64, 64, 32]",Dane2_raw,0.000408,0.000106,0.000271,92,11.11
1,leaky_relu,SGD,"[128, 128, 64]",Dane1_standardise,0.016913,0.020327,0.011929,124,17.11
2,leaky_relu,SGD,"[128, 128, 64]",Dane1_standardise,0.021219,0.02411,0.017688,105,14.44
3,leaky_relu,SGD,"[128, 128, 64]",Dane1_standardise,0.062455,0.061743,0.06423,87,12.2
4,leaky_relu,SGD,"[128, 128, 64]",Dane1_standardise,0.01671,0.024005,0.014893,105,14.4
5,leaky_relu,SGD,"[128, 128, 64]",Dane1_standardise,0.183733,0.173306,0.187229,53,7.67
6,leaky_relu,SGD,"[128, 128, 64]",Dane1_standardise,0.011903,0.016033,0.006184,114,15.57
7,leaky_relu,SGD,"[128, 128, 64]",Dane1_standardise,0.024461,0.029687,0.021186,93,12.88
8,leaky_relu,SGD,"[128, 128, 64]",Dane1_standardise,0.017887,0.021496,0.012637,103,14.23
9,leaky_relu,SGD,"[128, 128, 64]",Dane1_standardise,0.020715,0.021645,0.016098,109,15.12
10,leaky_relu,SGD,"[128, 128, 64]",Dane1_standardise,0.028646,0.029181,0.024517,112,15.34
1,leaky_relu,SGD,"[128, 128, 64]",Dane1_raw,0.133192,0.099818,0.126673,52,7.5
2,leaky_relu,SGD,"[128, 128, 64]",Dane1_raw,0.141256,0.122519,0.141564,54,8.03
3,leaky_relu,SGD,"[128, 128, 64]",Dane1_raw,0.114425,0.102099,0.118971,64,9.64
4,leaky_relu,SGD,"[128, 128, 64]",Dane1_raw,0.070804,0.068687,0.073407,89,12.92
5,leaky_relu,SGD,"[128, 128, 64]",Dane1_raw,0.113881,0.096023,0.114507,82,11.92
6,leaky_relu,SGD,"[128, 128, 64]",Dane1_raw,0.117193,0.121652,0.12489,64,9.37
7,leaky_relu,SGD,"[128, 128, 64]",Dane1_raw,0.49149,0.477634,0.477524,11,2.2
8,leaky_relu,SGD,"[128, 128, 64]",Dane1_raw,0.128753,0.117921,0.130937,54,8.22
9,leaky_relu,SGD,"[128, 128, 64]",Dane1_raw,0.106485,0.112016,0.114491,53,7.97
10,leaky_relu,SGD,"[128, 128, 64]",Dane1_raw,0.478479,0.47672,0.467167,13,2.47
1,leaky_relu,SGD,"[128, 128, 64]",Dane2_standardise,0.000529,0.000348,0.000466,55,7.11
2,leaky_relu,SGD,"[128, 128, 64]",Dane2_standardise,0.001129,0.000713,0.000958,20,3.05
3,leaky_relu,SGD,"[128, 128, 64]",Dane2_standardise,0.000334,0.000197,0.000207,219,26.12
4,leaky_relu,SGD,"[128, 128, 64]",Dane2_standardise,0.000389,0.000185,0.000269,178,21.28
5,leaky_relu,SGD,"[128, 128, 64]",Dane2_standardise,0.000321,0.000156,0.000214,136,16.47
6,leaky_relu,SGD,"[128, 128, 64]",Dane2_standardise,0.000395,0.000234,0.000281,184,22.03
7,leaky_relu,SGD,"[128, 128, 64]",Dane2_standardise,0.000456,0.000247,0.000353,74,9.33
8,leaky_relu,SGD,"[128, 128, 64]",Dane2_standardise,0.00041,0.000224,0.000287,95,11.72
9,leaky_relu,SGD,"[128, 128, 64]",Dane2_standardise,0.000398,0.000211,0.000295,103,12.8
10,leaky_relu,SGD,"[128, 128, 64]",Dane2_standardise,0.000392,0.000234,0.000289,166,20.04
1,leaky_relu,SGD,"[128, 128, 64]",Dane2_raw,0.00063,0.000213,0.000487,58,7.42
2,leaky_relu,SGD,"[128, 128, 64]",Dane2_raw,0.000361,0.000104,0.000223,106,12.97
3,leaky_relu,SGD,"[128, 128, 64]",Dane2_raw,0.000451,0.00016,0.000337,76,9.63
4,leaky_relu,SGD,"[128, 128, 64]",Dane2_raw,0.000711,0.000216,0.000583,51,6.59
5,leaky_relu,SGD,"[128, 128, 64]",Dane2_raw,0.000626,0.000192,0.000492,60,7.65
6,leaky_relu,SGD,"[128, 128, 64]",Dane2_raw,0.00045,0.000133,0.000323,75,9.35
7,leaky_relu,SGD,"[128, 128, 64]",Dane2_raw,0.000439,0.000129,0.000299,77,9.57
8,leaky_relu,SGD,"[128, 128, 64]",Dane2_raw,0.000516,0.000186,0.000375,62,7.83
9,leaky_relu,SGD,"[128, 128, 64]",Dane2_raw,0.000636,0.000188,0.000493,58,7.45
10,leaky_relu,SGD,"[128, 128, 64]",Dane2_raw,0.000662,0.00019,0.000527,65,8.19
1,leaky_relu,SGD,"[256, 256, 128]",Dane1_standardise,0.177806,0.137656,0.172631,54,8.74
2,leaky_relu,SGD,"[256, 256, 128]",Dane1_standardise,0.01842,0.018482,0.012088,103,15.8
3,leaky_relu,SGD,"[256, 256, 128]",Dane1_standardise,0.019486,0.02353,0.016962,95,14.6
4,leaky_relu,SGD,"[256, 256, 128]",Dane1_standardise,0.016201,0.019681,0.011155,115,17.64
5,leaky_relu,SGD,"[256, 256, 128]",Dane1_standardise,0.015127,0.017239,0.009076,125,19.03
6,leaky_relu,SGD,"[256, 256, 128]",Dane1_standardise,0.026795,0.028685,0.022441,105,16.0
7,leaky_relu,SGD,"[256, 256, 128]",Dane1_standardise,0.019216,0.02694,0.016031,111,16.92
8,leaky_relu,SGD,"[256, 256, 128]",Dane1_standardise,0.020447,0.021734,0.014503,113,17.31
9,leaky_relu,SGD,"[256, 256, 128]",Dane1_standardise,0.016743,0.020186,0.01176,111,16.95
10,leaky_relu,SGD,"[256, 256, 128]",Dane1_standardise,0.015085,0.020311,0.011131,119,18.05
1,leaky_relu,SGD,"[256, 256, 128]",Dane1_raw,0.115406,0.102041,0.117214,65,10.14
2,leaky_relu,SGD,"[256, 256, 128]",Dane1_raw,0.124833,0.114008,0.129285,59,9.33
3,leaky_relu,SGD,"[256, 256, 128]",Dane1_raw,0.099055,0.091547,0.10316,84,13.02
4,leaky_relu,SGD,"[256, 256, 128]",Dane1_raw,0.182486,0.165528,0.182967,49,7.89
5,leaky_relu,SGD,"[256, 256, 128]",Dane1_raw,0.216449,0.205548,0.21342,37,6.05
6,leaky_relu,SGD,"[256, 256, 128]",Dane1_raw,0.093042,0.089356,0.098368,71,11.0
7,leaky_relu,SGD,"[256, 256, 128]",Dane1_raw,0.100121,0.098747,0.107579,74,11.53
8,leaky_relu,SGD,"[256, 256, 128]",Dane1_raw,0.093499,0.091975,0.097924,67,10.5
9,leaky_relu,SGD,"[256, 256, 128]",Dane1_raw,0.10117,0.101794,0.111042,66,10.34
10,leaky_relu,SGD,"[256, 256, 128]",Dane1_raw,0.143998,0.12323,0.142974,52,8.31
1,leaky_relu,SGD,"[256, 256, 128]",Dane2_standardise,0.000373,0.000224,0.000254,134,16.74
2,leaky_relu,SGD,"[256, 256, 128]",Dane2_standardise,0.000406,0.000283,0.000301,83,10.67
3,leaky_relu,SGD,"[256, 256, 128]",Dane2_standardise,0.000388,0.000227,0.00025,131,16.5
4,leaky_relu,SGD,"[256, 256, 128]",Dane2_standardise,0.000331,0.000141,0.000223,116,14.61
5,leaky_relu,SGD,"[256, 256, 128]",Dane2_standardise,0.000838,0.000544,0.000694,20,3.1
6,leaky_relu,SGD,"[256, 256, 128]",Dane2_standardise,0.000455,0.000237,0.00036,67,8.75
7,leaky_relu,SGD,"[256, 256, 128]",Dane2_standardise,0.000443,0.000271,0.00034,88,11.3
8,leaky_relu,SGD,"[256, 256, 128]",Dane2_standardise,0.000342,0.000176,0.000249,133,16.7
9,leaky_relu,SGD,"[256, 256, 128]",Dane2_standardise,0.000447,0.000277,0.000386,121,15.33
10,leaky_relu,SGD,"[256, 256, 128]",Dane2_standardise,0.000347,0.000241,0.000244,101,12.91
1,leaky_relu,SGD,"[256, 256, 128]",Dane2_raw,0.000603,0.00023,0.000471,78,10.03
2,leaky_relu,SGD,"[256, 256, 128]",Dane2_raw,0.000426,0.000171,0.000299,73,9.55
3,leaky_relu,SGD,"[256, 256, 128]",Dane2_raw,0.000761,0.000189,0.000578,51,6.82
4,leaky_relu,SGD,"[256, 256, 128]",Dane2_raw,0.000404,0.000117,0.000265,102,13.03
5,leaky_relu,SGD,"[256, 256, 128]",Dane2_raw,0.00066,0.000215,0.000498,47,6.39
6,leaky_relu,SGD,"[256, 256, 128]",Dane2_raw,0.000376,0.000153,0.000245,103,13.06
7,leaky_relu,SGD,"[256, 256, 128]",Dane2_raw,0.000602,0.000159,0.000474,62,8.12
8,leaky_relu,SGD,"[256, 256, 128]",Dane2_raw,0.000512,0.000172,0.000395,72,9.34
9,leaky_relu,SGD,"[256, 256, 128]",Dane2_raw,0.00049,0.000128,0.000378,71,9.26
10,leaky_relu,SGD,"[256, 256, 128]",Dane2_raw,0.000572,0.000178,0.000435,61,8.06
1,tanh,Adam,[32],Dane1_standardise,0.461359,0.508637,0.462976,11,2.22
2,tanh,Adam,[32],Dane1_standardise,0.482589,0.474497,0.469449,12,2.19
3,tanh,Adam,[32],Dane1_standardise,0.464095,0.499219,0.462162,11,2.06
4,tanh,Adam,[32],Dane1_standardise,0.518788,0.472018,0.495473,11,2.1
5,tanh,Adam,[32],Dane1_standardise,0.461458,0.511252,0.463587,11,2.07
6,tanh,Adam,[32],Dane1_standardise,0.460979,0.507115,0.462432,11,2.1
7,tanh,Adam,[32],Dane1_standardise,0.460806,0.507555,0.462382,31,4.59
8,tanh,Adam,[32],Dane1_standardise,0.459626,0.504989,0.461296,14,2.44
9,tanh,Adam,[32],Dane1_standardise,0.475353,0.47459,0.464578,12,2.2
10,tanh,Adam,[32],Dane1_standardise,0.459978,0.504271,0.461267,28,4.27
1,tanh,Adam,[32],Dane1_raw,0.278141,0.319893,0.283661,108,14.5
2,tanh,Adam,[32],Dane1_raw,0.275086,0.307297,0.279287,97,12.96
3,tanh,Adam,[32],Dane1_raw,0.312171,0.349072,0.315257,53,7.42
4,tanh,Adam,[32],Dane1_raw,0.293645,0.328183,0.296158,77,10.47
5,tanh,Adam,[32],Dane1_raw,0.295231,0.332273,0.298384,75,10.27
6,tanh,Adam,[32],Dane1_raw,0.28737,0.317836,0.289979,81,10.95
7,tanh,Adam,[32],Dane1_raw,0.273688,0.305577,0.277114,100,13.42
8,tanh,Adam,[32],Dane1_raw,0.586155,0.468706,0.548231,11,2.09
9,tanh,Adam,[32],Dane1_raw,0.289591,0.328697,0.293267,72,9.8
10,tanh,Adam,[32],Dane1_raw,0.289055,0.322568,0.291478,104,13.92
1,tanh,Adam,[32],Dane2_standardise,0.001357,0.001217,0.000796,246,28.17
2,tanh,Adam,[32],Dane2_standardise,0.00134,0.00115,0.000876,233,26.64
3,tanh,Adam,[32],Dane2_standardise,0.001705,0.00167,0.001373,294,33.45
4,tanh,Adam,[32],Dane2_standardise,0.001542,0.001701,0.001238,205,23.39
5,tanh,Adam,[32],Dane2_standardise,0.001612,0.001367,0.001004,238,27.28
6,tanh,Adam,[32],Dane2_standardise,0.001975,0.001831,0.001423,195,22.48
7,tanh,Adam,[32],Dane2_standardise,0.00125,0.001151,0.000815,357,40.36
8,tanh,Adam,[32],Dane2_standardise,0.000962,0.000958,0.000658,374,42.22
9,tanh,Adam,[32],Dane2_standardise,0.001571,0.001509,0.000948,284,32.22
10,tanh,Adam,[32],Dane2_standardise,0.001865,0.001479,0.001139,303,34.45
1,tanh,Adam,[32],Dane2_raw,0.013378,0.010032,0.01193,109,12.83
2,tanh,Adam,[32],Dane2_raw,0.012533,0.009753,0.011277,101,12.03
3,tanh,Adam,[32],Dane2_raw,0.012744,0.009526,0.011302,101,12.02
4,tanh,Adam,[32],Dane2_raw,0.012425,0.0091,0.010927,76,9.14
5,tanh,Adam,[32],Dane2_raw,0.012862,0.009612,0.0115,102,12.09
6,tanh,Adam,[32],Dane2_raw,0.012629,0.009259,0.011163,76,9.26
7,tanh,Adam,[32],Dane2_raw,0.012773,0.00963,0.011337,96,11.36
8,tanh,Adam,[32],Dane2_raw,0.012572,0.009494,0.011281,94,11.17
9,tanh,Adam,[32],Dane2_raw,0.012077,0.009391,0.010899,109,12.85
10,tanh,Adam,[32],Dane2_raw,0.012098,0.009026,0.010781,86,10.33
1,tanh,Adam,"[32, 16]",Dane1_standardise,0.462395,0.499388,0.461536,16,3.11
2,tanh,Adam,"[32, 16]",Dane1_standardise,0.456328,0.489085,0.455932,41,6.2
3,tanh,Adam,"[32, 16]",Dane1_standardise,0.605285,0.498766,0.566876,11,2.28
4,tanh,Adam,"[32, 16]",Dane1_standardise,0.463196,0.490005,0.459764,29,4.63
5,tanh,Adam,"[32, 16]",Dane1_standardise,0.471936,0.479255,0.463132,11,2.3
6,tanh,Adam,"[32, 16]",Dane1_standardise,0.461818,0.502463,0.461681,19,3.3
7,tanh,Adam,"[32, 16]",Dane1_standardise,0.460965,0.499043,0.460481,15,2.79
8,tanh,Adam,"[32, 16]",Dane1_standardise,0.463837,0.503537,0.462972,17,3.06
9,tanh,Adam,"[32, 16]",Dane1_standardise,0.462976,0.478672,0.457527,21,3.55
10,tanh,Adam,"[32, 16]",Dane1_standardise,0.458765,0.496602,0.458784,20,3.42
1,tanh,Adam,"[32, 16]",Dane1_raw,0.272838,0.262686,0.267787,47,6.94
2,tanh,Adam,"[32, 16]",Dane1_raw,0.235991,0.235083,0.235011,82,11.47
3,tanh,Adam,"[32, 16]",Dane1_raw,0.163407,0.172414,0.16957,136,18.64
4,tanh,Adam,"[32, 16]",Dane1_raw,0.255391,0.247112,0.251592,66,9.47
5,tanh,Adam,"[32, 16]",Dane1_raw,0.226926,0.238616,0.229423,63,9.01
6,tanh,Adam,"[32, 16]",Dane1_raw,0.226121,0.238814,0.228365,92,12.78
7,tanh,Adam,"[32, 16]",Dane1_raw,0.216492,0.22937,0.22009,75,10.58
8,tanh,Adam,"[32, 16]",Dane1_raw,0.207885,0.193337,0.20412,96,13.28
9,tanh,Adam,"[32, 16]",Dane1_raw,0.258415,0.267445,0.256848,56,8.11
10,tanh,Adam,"[32, 16]",Dane1_raw,0.209147,0.208603,0.210805,126,17.17
1,tanh,Adam,"[32, 16]",Dane2_standardise,0.001759,0.001906,0.001022,170,20.14
2,tanh,Adam,"[32, 16]",Dane2_standardise,0.002105,0.001515,0.001264,119,14.4
3,tanh,Adam,"[32, 16]",Dane2_standardise,0.001403,0.001715,0.000814,148,17.6
4,tanh,Adam,"[32, 16]",Dane2_standardise,0.002226,0.002096,0.001463,119,14.31
5,tanh,Adam,"[32, 16]",Dane2_standardise,0.002156,0.002191,0.001433,112,13.53
6,tanh,Adam,"[32, 16]",Dane2_standardise,0.001778,0.001757,0.001188,137,16.3
7,tanh,Adam,"[32, 16]",Dane2_standardise,0.001809,0.00199,0.001121,186,21.91
8,tanh,Adam,"[32, 16]",Dane2_standardise,0.002068,0.002131,0.001278,131,15.78
9,tanh,Adam,"[32, 16]",Dane2_standardise,0.001026,0.001131,0.000653,193,22.81
10,tanh,Adam,"[32, 16]",Dane2_standardise,0.00144,0.001763,0.000783,236,27.66
1,tanh,Adam,"[32, 16]",Dane2_raw,0.015447,0.0118,0.014056,46,6.34
2,tanh,Adam,"[32, 16]",Dane2_raw,0.017319,0.01398,0.015599,45,6.06
3,tanh,Adam,"[32, 16]",Dane2_raw,0.016061,0.01234,0.014505,55,7.32
4,tanh,Adam,"[32, 16]",Dane2_raw,0.016735,0.012953,0.014779,45,6.0
5,tanh,Adam,"[32, 16]",Dane2_raw,0.016853,0.012814,0.015155,46,6.07
6,tanh,Adam,"[32, 16]",Dane2_raw,0.015193,0.012058,0.01368,47,6.19
7,tanh,Adam,"[32, 16]",Dane2_raw,0.015596,0.012895,0.01432,53,6.89
8,tanh,Adam,"[32, 16]",Dane2_raw,0.016593,0.013194,0.015215,44,5.91
9,tanh,Adam,"[32, 16]",Dane2_raw,0.015606,0.011689,0.014031,47,6.25
10,tanh,Adam,"[32, 16]",Dane2_raw,0.015086,0.011592,0.013489,45,6.23
1,tanh,Adam,"[32, 32]",Dane1_standardise,0.465014,0.485533,0.460022,26,4.48
2,tanh,Adam,"[32, 32]",Dane1_standardise,0.469202,0.489273,0.463496,14,2.68
3,tanh,Adam,"[32, 32]",Dane1_standardise,0.465024,0.47818,0.458569,28,4.52
4,tanh,Adam,"[32, 32]",Dane1_standardise,0.462317,0.487189,0.458693,22,3.74
5,tanh,Adam,"[32, 32]",Dane1_standardise,0.465995,0.49025,0.461482,14,2.66
6,tanh,Adam,"[32, 32]",Dane1_standardise,0.471206,0.470165,0.461105,24,3.94
7,tanh,Adam,"[32, 32]",Dane1_standardise,0.469505,0.489579,0.463465,17,3.06
8,tanh,Adam,"[32, 32]",Dane1_standardise,0.461634,0.493303,0.459569,24,4.02
9,tanh,Adam,"[32, 32]",Dane1_standardise,0.461991,0.486666,0.458426,31,5.03
10,tanh,Adam,"[32, 32]",Dane1_standardise,0.46696,0.485961,0.46127,22,3.91
1,tanh,Adam,"[32, 32]",Dane1_raw,0.288894,0.272435,0.280519,45,6.77
2,tanh,Adam,"[32, 32]",Dane1_raw,0.236286,0.240343,0.236714,84,11.86
3,tanh,Adam,"[32, 32]",Dane1_raw,0.251929,0.261896,0.252544,53,7.78
4,tanh,Adam,"[32, 32]",Dane1_raw,0.294644,0.286871,0.287945,47,7.03
5,tanh,Adam,"[32, 32]",Dane1_raw,0.26277,0.256764,0.258838,53,7.75
6,tanh,Adam,"[32, 32]",Dane1_raw,0.272199,0.273327,0.269215,46,6.88
7,tanh,Adam,"[32, 32]",Dane1_raw,0.285041,0.272316,0.27793,47,6.97
8,tanh,Adam,"[32, 32]",Dane1_raw,0.250866,0.25716,0.251218,62,9.02
9,tanh,Adam,"[32, 32]",Dane1_raw,0.270891,0.281895,0.269834,52,7.61
10,tanh,Adam,"[32, 32]",Dane1_raw,0.233305,0.222842,0.230511,106,14.81
1,tanh,Adam,"[32, 32]",Dane2_standardise,0.001583,0.001804,0.001,145,17.3
2,tanh,Adam,"[32, 32]",Dane2_standardise,0.001236,0.001434,0.000695,194,22.9
3,tanh,Adam,"[32, 32]",Dane2_standardise,0.001394,0.001289,0.000927,123,14.93
4,tanh,Adam,"[32, 32]",Dane2_standardise,0.001693,0.001734,0.001145,99,12.11
5,tanh,Adam,"[32, 32]",Dane2_standardise,0.001838,0.001987,0.001124,102,12.59
6,tanh,Adam,"[32, 32]",Dane2_standardise,0.001013,0.001205,0.000588,211,24.84
7,tanh,Adam,"[32, 32]",Dane2_standardise,0.001157,0.001299,0.000754,161,19.14
8,tanh,Adam,"[32, 32]",Dane2_standardise,0.001492,0.001485,0.000965,132,15.84
9,tanh,Adam,"[32, 32]",Dane2_standardise,0.001174,0.00105,0.000679,155,18.47
10,tanh,Adam,"[32, 32]",Dane2_standardise,0.001243,0.001309,0.000763,146,17.4
1,tanh,Adam,"[32, 32]",Dane2_raw,0.015942,0.011692,0.013968,32,4.55
2,tanh,Adam,"[32, 32]",Dane2_raw,0.015517,0.012107,0.013797,40,5.44
3,tanh,Adam,"[32, 32]",Dane2_raw,0.014377,0.011376,0.012939,43,5.76
4,tanh,Adam,"[32, 32]",Dane2_raw,0.014725,0.01183,0.01339,39,5.37
5,tanh,Adam,"[32, 32]",Dane2_raw,0.015064,0.012065,0.013674,37,5.16
6,tanh,Adam,"[32, 32]",Dane2_raw,0.014412,0.011715,0.013051,42,5.78
7,tanh,Adam,"[32, 32]",Dane2_raw,0.015575,0.011813,0.013702,32,4.54
8,tanh,Adam,"[32, 32]",Dane2_raw,0.013754,0.010186,0.012085,34,4.86
9,tanh,Adam,"[32, 32]",Dane2_raw,0.013665,0.010985,0.012314,45,6.05
10,tanh,Adam,"[32, 32]",Dane2_raw,0.013903,0.011664,0.012555,47,6.26
1,tanh,Adam,"[64, 64, 32]",Dane1_standardise,0.467863,0.467119,0.458286,19,3.83
2,tanh,Adam,"[64, 64, 32]",Dane1_standardise,0.47185,0.464235,0.460441,23,4.2
3,tanh,Adam,"[64, 64, 32]",Dane1_standardise,0.481753,0.454661,0.465699,19,3.66
4,tanh,Adam,"[64, 64, 32]",Dane1_standardise,0.472779,0.461075,0.460552,23,4.16
5,tanh,Adam,"[64, 64, 32]",Dane1_standardise,0.490304,0.471149,0.474326,11,2.55
6,tanh,Adam,"[64, 64, 32]",Dane1_standardise,0.472549,0.456128,0.459728,29,4.97
7,tanh,Adam,"[64, 64, 32]",Dane1_standardise,0.487021,0.466149,0.471162,17,3.39
8,tanh,Adam,"[64, 64, 32]",Dane1_standardise,0.464997,0.469401,0.456881,18,3.6
9,tanh,Adam,"[64, 64, 32]",Dane1_standardise,0.530453,0.47028,0.504025,13,2.84
10,tanh,Adam,"[64, 64, 32]",Dane1_standardise,0.479309,0.451034,0.463708,34,5.6
1,tanh,Adam,"[64, 64, 32]",Dane1_raw,0.01002,0.011877,0.00276,88,12.93
2,tanh,Adam,"[64, 64, 32]",Dane1_raw,0.009268,0.011304,0.002145,101,15.01
3,tanh,Adam,"[64, 64, 32]",Dane1_raw,0.009781,0.012141,0.002727,81,12.44
4,tanh,Adam,"[64, 64, 32]",Dane1_raw,0.008909,0.011046,0.001745,117,26.52
5,tanh,Adam,"[64, 64, 32]",Dane1_raw,0.01,0.012845,0.003131,80,12.67
6,tanh,Adam,"[64, 64, 32]",Dane1_raw,0.009088,0.01035,0.002136,124,19.46
7,tanh,Adam,"[64, 64, 32]",Dane1_raw,0.013999,0.017238,0.007637,78,12.51
8,tanh,Adam,"[64, 64, 32]",Dane1_raw,0.008481,0.01059,0.001489,114,16.56
9,tanh,Adam,"[64, 64, 32]",Dane1_raw,0.009265,0.010983,0.002412,112,16.38
10,tanh,Adam,"[64, 64, 32]",Dane1_raw,0.009589,0.012597,0.003066,81,12.34
1,tanh,Adam,"[64, 64, 32]",Dane2_standardise,0.001549,0.001795,0.000868,85,11.0
2,tanh,Adam,"[64, 64, 32]",Dane2_standardise,0.001545,0.00203,0.000888,74,9.81
3,tanh,Adam,"[64, 64, 32]",Dane2_standardise,0.001816,0.00172,0.001153,61,8.19
4,tanh,Adam,"[64, 64, 32]",Dane2_standardise,0.001709,0.002039,0.000955,87,11.18
5,tanh,Adam,"[64, 64, 32]",Dane2_standardise,0.002892,0.002468,0.001869,44,6.72
6,tanh,Adam,"[64, 64, 32]",Dane2_standardise,0.001696,0.001779,0.000996,56,8.45
7,tanh,Adam,"[64, 64, 32]",Dane2_standardise,0.002233,0.001766,0.001403,52,7.89
8,tanh,Adam,"[64, 64, 32]",Dane2_standardise,0.001866,0.001751,0.001137,61,9.18
9,tanh,Adam,"[64, 64, 32]",Dane2_standardise,0.001982,0.001542,0.001297,65,9.34
10,tanh,Adam,"[64, 64, 32]",Dane2_standardise,0.002228,0.00205,0.001396,58,8.38
1,tanh,Adam,"[64, 64, 32]",Dane2_raw,0.015298,0.011446,0.013694,22,4.31
2,tanh,Adam,"[64, 64, 32]",Dane2_raw,0.014957,0.011369,0.013319,22,3.89
3,tanh,Adam,"[64, 64, 32]",Dane2_raw,0.015886,0.0118,0.014162,22,3.7
4,tanh,Adam,"[64, 64, 32]",Dane2_raw,0.001032,0.000695,0.000739,124,15.52
5,tanh,Adam,"[64, 64, 32]",Dane2_raw,0.014943,0.011633,0.013532,23,3.9
6,tanh,Adam,"[64, 64, 32]",Dane2_raw,0.016082,0.011669,0.014006,22,4.09
7,tanh,Adam,"[64, 64, 32]",Dane2_raw,0.01685,0.012208,0.01482,23,3.91
8,tanh,Adam,"[64, 64, 32]",Dane2_raw,0.01575,0.01212,0.014055,23,3.83
9,tanh,Adam,"[64, 64, 32]",Dane2_raw,0.017077,0.013049,0.015052,23,3.83
10,tanh,Adam,"[64, 64, 32]",Dane2_raw,0.015062,0.011696,0.013265,21,3.55
1,tanh,Adam,"[128, 128, 64]",Dane1_standardise,0.465699,0.489493,0.461114,18,3.89
2,tanh,Adam,"[128, 128, 64]",Dane1_standardise,0.469127,0.482149,0.461837,23,4.42
3,tanh,Adam,"[128, 128, 64]",Dane1_standardise,0.474579,0.467155,0.462855,14,3.11
4,tanh,Adam,"[128, 128, 64]",Dane1_standardise,0.478766,0.475516,0.466992,22,4.24
5,tanh,Adam,"[128, 128, 64]",Dane1_standardise,0.554379,0.479989,0.523937,12,2.95
6,tanh,Adam,"[128, 128, 64]",Dane1_standardise,0.513092,0.469809,0.490856,17,3.89
7,tanh,Adam,"[128, 128, 64]",Dane1_standardise,0.497684,0.470206,0.479494,13,3.38
8,tanh,Adam,"[128, 128, 64]",Dane1_standardise,0.492083,0.471936,0.47572,14,3.23
9,tanh,Adam,"[128, 128, 64]",Dane1_standardise,0.497278,0.468236,0.479017,12,2.91
10,tanh,Adam,"[128, 128, 64]",Dane1_standardise,0.476772,0.47781,0.46603,24,5.41
1,tanh,Adam,"[128, 128, 64]",Dane1_raw,0.009683,0.011268,0.002746,84,15.94
2,tanh,Adam,"[128, 128, 64]",Dane1_raw,0.010476,0.011661,0.002968,75,13.73
3,tanh,Adam,"[128, 128, 64]",Dane1_raw,0.010001,0.011922,0.002506,63,9.92
4,tanh,Adam,"[128, 128, 64]",Dane1_raw,0.010387,0.012574,0.002762,63,9.91
5,tanh,Adam,"[128, 128, 64]",Dane1_raw,0.009557,0.010929,0.002348,79,12.24
6,tanh,Adam,"[128, 128, 64]",Dane1_raw,0.009624,0.012549,0.003292,65,10.15
7,tanh,Adam,"[128, 128, 64]",Dane1_raw,0.008688,0.011644,0.002136,72,11.03
8,tanh,Adam,"[128, 128, 64]",Dane1_raw,0.00921,0.010767,0.002042,72,11.02
9,tanh,Adam,"[128, 128, 64]",Dane1_raw,0.010462,0.012261,0.003714,61,9.49
10,tanh,Adam,"[128, 128, 64]",Dane1_raw,0.010402,0.013895,0.003452,65,10.02
1,tanh,Adam,"[128, 128, 64]",Dane2_standardise,0.00139,0.0013,0.00088,40,5.75
2,tanh,Adam,"[128, 128, 64]",Dane2_standardise,0.001144,0.001118,0.000628,59,7.97
3,tanh,Adam,"[128, 128, 64]",Dane2_standardise,0.001195,0.001117,0.000674,44,6.25
4,tanh,Adam,"[128, 128, 64]",Dane2_standardise,0.002308,0.001626,0.00153,39,5.69
5,tanh,Adam,"[128, 128, 64]",Dane2_standardise,0.00163,0.001203,0.000985,33,4.91
6,tanh,Adam,"[128, 128, 64]",Dane2_standardise,0.001357,0.001432,0.000763,61,8.17
7,tanh,Adam,"[128, 128, 64]",Dane2_standardise,0.001957,0.001387,0.001129,43,6.14
8,tanh,Adam,"[128, 128, 64]",Dane2_standardise,0.001699,0.001188,0.001157,45,6.34
9,tanh,Adam,"[128, 128, 64]",Dane2_standardise,0.001634,0.001616,0.001114,31,4.74
10,tanh,Adam,"[128, 128, 64]",Dane2_standardise,0.001698,0.001299,0.001016,50,6.9
1,tanh,Adam,"[128, 128, 64]",Dane2_raw,0.014008,0.011112,0.012672,19,3.4
2,tanh,Adam,"[128, 128, 64]",Dane2_raw,0.001316,0.000812,0.001025,92,11.73
3,tanh,Adam,"[128, 128, 64]",Dane2_raw,0.013482,0.010148,0.011646,18,3.24
4,tanh,Adam,"[128, 128, 64]",Dane2_raw,0.012177,0.010122,0.011127,18,3.16
5,tanh,Adam,"[128, 128, 64]",Dane2_raw,0.014682,0.010164,0.012715,18,3.17
6,tanh,Adam,"[128, 128, 64]",Dane2_raw,0.015221,0.010989,0.013346,18,3.2
7,tanh,Adam,"[128, 128, 64]",Dane2_raw,0.014997,0.010499,0.012995,18,3.17
8,tanh,Adam,"[128, 128, 64]",Dane2_raw,0.014092,0.010454,0.01231,18,3.25
9,tanh,Adam,"[128, 128, 64]",Dane2_raw,0.013947,0.011028,0.012588,18,3.31
10,tanh,Adam,"[128, 128, 64]",Dane2_raw,0.015371,0.010469,0.013367,17,3.11
1,tanh,Adam,"[256, 256, 128]",Dane1_standardise,0.487103,0.473795,0.472489,18,4.1
2,tanh,Adam,"[256, 256, 128]",Dane1_standardise,0.474668,0.478256,0.46471,12,2.93
3,tanh,Adam,"[256, 256, 128]",Dane1_standardise,0.517868,0.471293,0.494974,11,2.75
4,tanh,Adam,"[256, 256, 128]",Dane1_standardise,0.499137,0.472378,0.480929,11,2.74
5,tanh,Adam,"[256, 256, 128]",Dane1_standardise,0.472495,0.479925,0.463588,16,3.56
6,tanh,Adam,"[256, 256, 128]",Dane1_standardise,0.469675,0.482665,0.462309,13,3.05
7,tanh,Adam,"[256, 256, 128]",Dane1_standardise,0.469091,0.483348,0.462216,20,4.16
8,tanh,Adam,"[256, 256, 128]",Dane1_standardise,0.476036,0.477179,0.465464,24,4.83
9,tanh,Adam,"[256, 256, 128]",Dane1_standardise,0.467928,0.484924,0.461634,13,3.13
10,tanh,Adam,"[256, 256, 128]",Dane1_standardise,0.462943,0.494451,0.460629,17,3.73
1,tanh,Adam,"[256, 256, 128]",Dane1_raw,0.013582,0.016029,0.006609,57,9.86
2,tanh,Adam,"[256, 256, 128]",Dane1_raw,0.01117,0.013767,0.003873,61,10.55
3,tanh,Adam,"[256, 256, 128]",Dane1_raw,0.011561,0.012373,0.003439,72,12.18
4,tanh,Adam,"[256, 256, 128]",Dane1_raw,0.010062,0.01345,0.003104,74,12.45
5,tanh,Adam,"[256, 256, 128]",Dane1_raw,0.012295,0.014963,0.005894,64,10.95
6,tanh,Adam,"[256, 256, 128]",Dane1_raw,0.010209,0.01195,0.002445,60,10.34
7,tanh,Adam,"[256, 256, 128]",Dane1_raw,0.011507,0.013664,0.0042,63,10.78
8,tanh,Adam,"[256, 256, 128]",Dane1_raw,0.011243,0.012678,0.003969,66,11.33
9,tanh,Adam,"[256, 256, 128]",Dane1_raw,0.011979,0.013653,0.005078,58,10.08
10,tanh,Adam,"[256, 256, 128]",Dane1_raw,0.009952,0.012973,0.002995,74,12.53
1,tanh,Adam,"[256, 256, 128]",Dane2_standardise,0.001229,0.000986,0.000814,30,4.83
2,tanh,Adam,"[256, 256, 128]",Dane2_standardise,0.001934,0.00135,0.001149,43,6.39
3,tanh,Adam,"[256, 256, 128]",Dane2_standardise,0.00255,0.001947,0.001563,30,4.87
4,tanh,Adam,"[256, 256, 128]",Dane2_standardise,0.000855,0.000772,0.000489,54,7.73
5,tanh,Adam,"[256, 256, 128]",Dane2_standardise,0.003168,0.002172,0.002386,30,6.13
6,tanh,Adam,"[256, 256, 128]",Dane2_standardise,0.001724,0.001546,0.00101,46,7.58
7,tanh,Adam,"[256, 256, 128]",Dane2_standardise,0.001955,0.001499,0.00114,55,8.5
8,tanh,Adam,"[256, 256, 128]",Dane2_standardise,0.002613,0.00239,0.001692,24,4.27
9,tanh,Adam,"[256, 256, 128]",Dane2_standardise,0.002522,0.001423,0.001784,53,8.15
10,tanh,Adam,"[256, 256, 128]",Dane2_standardise,0.000818,0.000732,0.00043,78,10.83
1,tanh,Adam,"[256, 256, 128]",Dane2_raw,0.011961,0.009622,0.010807,26,4.38
2,tanh,Adam,"[256, 256, 128]",Dane2_raw,0.014066,0.009341,0.012368,15,2.99
3,tanh,Adam,"[256, 256, 128]",Dane2_raw,0.011642,0.010033,0.010729,22,3.95
4,tanh,Adam,"[256, 256, 128]",Dane2_raw,0.011412,0.009279,0.010504,30,4.88
5,tanh,Adam,"[256, 256, 128]",Dane2_raw,0.011664,0.009725,0.010614,26,4.36
6,tanh,Adam,"[256, 256, 128]",Dane2_raw,0.0116,0.009437,0.010214,29,4.74
7,tanh,Adam,"[256, 256, 128]",Dane2_raw,0.011466,0.009619,0.010269,23,4.05
8,tanh,Adam,"[256, 256, 128]",Dane2_raw,0.011852,0.009431,0.010712,17,3.31
9,tanh,Adam,"[256, 256, 128]",Dane2_raw,0.012878,0.008816,0.011173,15,3.03
10,tanh,Adam,"[256, 256, 128]",Dane2_raw,0.01126,0.009511,0.010002,36,5.6
1,tanh,AdamW,[32],Dane1_standardise,0.480297,0.473914,0.467788,12,2.44
2,tanh,AdamW,[32],Dane1_standardise,0.476431,0.483232,0.466742,12,2.27
3,tanh,AdamW,[32],Dane1_standardise,0.479573,0.47354,0.467436,11,2.43
4,tanh,AdamW,[32],Dane1_standardise,0.472865,0.481794,0.464173,11,2.13
5,tanh,AdamW,[32],Dane1_standardise,0.460453,0.504805,0.461642,29,4.37
6,tanh,AdamW,[32],Dane1_standardise,0.46129,0.495821,0.460335,11,2.1
7,tanh,AdamW,[32],Dane1_standardise,0.460356,0.501855,0.460995,21,3.38
8,tanh,AdamW,[32],Dane1_standardise,0.468701,0.480918,0.461522,11,2.11
9,tanh,AdamW,[32],Dane1_standardise,0.481849,0.475094,0.469039,12,2.22
10,tanh,AdamW,[32],Dane1_standardise,0.461289,0.507981,0.462707,25,3.95
1,tanh,AdamW,[32],Dane1_raw,0.299286,0.342905,0.304873,86,11.61
2,tanh,AdamW,[32],Dane1_raw,0.279574,0.319797,0.284818,105,13.97
3,tanh,AdamW,[32],Dane1_raw,0.304901,0.339328,0.307182,63,8.68
4,tanh,AdamW,[32],Dane1_raw,0.284762,0.314244,0.288006,94,12.55
5,tanh,AdamW,[32],Dane1_raw,0.291344,0.332283,0.296196,69,9.47
6,tanh,AdamW,[32],Dane1_raw,0.463746,0.472906,0.455071,11,2.15
7,tanh,AdamW,[32],Dane1_raw,0.279578,0.315571,0.28453,78,10.56
8,tanh,AdamW,[32],Dane1_raw,0.30568,0.346863,0.310343,92,12.33
9,tanh,AdamW,[32],Dane1_raw,0.284116,0.327839,0.289838,90,12.16
10,tanh,AdamW,[32],Dane1_raw,0.302856,0.346625,0.307865,104,13.83
1,tanh,AdamW,[32],Dane2_standardise,0.001384,0.001333,0.001026,300,34.13
2,tanh,AdamW,[32],Dane2_standardise,0.001425,0.00124,0.000889,220,25.08
3,tanh,AdamW,[32],Dane2_standardise,0.000901,0.000909,0.000567,382,43.18
4,tanh,AdamW,[32],Dane2_standardise,0.00065,0.000617,0.000416,350,39.64
5,tanh,AdamW,[32],Dane2_standardise,0.001025,0.001011,0.000652,278,31.47
6,tanh,AdamW,[32],Dane2_standardise,0.001356,0.001206,0.000902,287,32.66
7,tanh,AdamW,[32],Dane2_standardise,0.001479,0.001331,0.000996,251,28.59
8,tanh,AdamW,[32],Dane2_standardise,0.001448,0.001346,0.000928,257,29.22
9,tanh,AdamW,[32],Dane2_standardise,0.00112,0.001074,0.000759,329,37.2
10,tanh,AdamW,[32],Dane2_standardise,0.001899,0.001666,0.001202,214,24.52
1,tanh,AdamW,[32],Dane2_raw,0.012288,0.008959,0.010791,95,11.45
2,tanh,AdamW,[32],Dane2_raw,0.01289,0.009769,0.011491,110,12.95
3,tanh,AdamW,[32],Dane2_raw,0.013386,0.009824,0.011734,76,9.31
4,tanh,AdamW,[32],Dane2_raw,0.012975,0.009642,0.011461,115,13.63
5,tanh,AdamW,[32],Dane2_raw,0.013222,0.0101,0.011779,101,11.99
6,tanh,AdamW,[32],Dane2_raw,0.013071,0.009757,0.011513,91,10.86
7,tanh,AdamW,[32],Dane2_raw,0.012769,0.009498,0.011137,106,12.73
8,tanh,AdamW,[32],Dane2_raw,0.012674,0.009259,0.010966,97,11.62
9,tanh,AdamW,[32],Dane2_raw,0.01316,0.009391,0.011501,88,10.49
10,tanh,AdamW,[32],Dane2_raw,0.011762,0.009198,0.010585,112,13.18
1,tanh,AdamW,"[32, 16]",Dane1_standardise,0.469849,0.489736,0.463706,11,2.53
2,tanh,AdamW,"[32, 16]",Dane1_standardise,0.462957,0.496915,0.461245,23,3.88
3,tanh,AdamW,"[32, 16]",Dane1_standardise,0.463253,0.482355,0.458132,26,4.31
4,tanh,AdamW,"[32, 16]",Dane1_standardise,0.468214,0.490364,0.462908,11,2.36
5,tanh,AdamW,"[32, 16]",Dane1_standardise,0.456557,0.489555,0.456068,43,6.45
6,tanh,AdamW,"[32, 16]",Dane1_standardise,0.460643,0.494434,0.459276,16,3.02
7,tanh,AdamW,"[32, 16]",Dane1_standardise,0.46468,0.492393,0.461085,21,3.66
8,tanh,AdamW,"[32, 16]",Dane1_standardise,0.455735,0.478538,0.453441,55,8.01
9,tanh,AdamW,"[32, 16]",Dane1_standardise,0.461439,0.493694,0.459716,16,3.0
10,tanh,AdamW,"[32, 16]",Dane1_standardise,0.463806,0.496534,0.461576,11,2.36
1,tanh,AdamW,"[32, 16]",Dane1_raw,0.166581,0.170113,0.170711,134,18.23
2,tanh,AdamW,"[32, 16]",Dane1_raw,0.188012,0.191908,0.191054,131,17.86
3,tanh,AdamW,"[32, 16]",Dane1_raw,0.339951,0.346419,0.333033,30,4.86
4,tanh,AdamW,"[32, 16]",Dane1_raw,0.154021,0.165852,0.160712,134,18.34
5,tanh,AdamW,"[32, 16]",Dane1_raw,0.240105,0.254869,0.243344,56,8.19
6,tanh,AdamW,"[32, 16]",Dane1_raw,0.18972,0.190084,0.192428,108,14.91
7,tanh,AdamW,"[32, 16]",Dane1_raw,0.255572,0.270485,0.256041,54,7.94
8,tanh,AdamW,"[32, 16]",Dane1_raw,0.27414,0.263141,0.268169,62,8.94
9,tanh,AdamW,"[32, 16]",Dane1_raw,0.209517,0.214508,0.212139,89,12.42
10,tanh,AdamW,"[32, 16]",Dane1_raw,0.249283,0.253366,0.247711,61,8.78
1,tanh,AdamW,"[32, 16]",Dane2_standardise,0.002013,0.001872,0.001304,115,13.9
2,tanh,AdamW,"[32, 16]",Dane2_standardise,0.002247,0.002185,0.001319,133,15.87
3,tanh,AdamW,"[32, 16]",Dane2_standardise,0.001654,0.001726,0.000954,220,27.63
4,tanh,AdamW,"[32, 16]",Dane2_standardise,0.00081,0.000852,0.000487,187,21.94
5,tanh,AdamW,"[32, 16]",Dane2_standardise,0.002007,0.001848,0.00123,85,10.54
6,tanh,AdamW,"[32, 16]",Dane2_standardise,0.002078,0.002135,0.001195,133,15.89
7,tanh,AdamW,"[32, 16]",Dane2_standardise,0.001463,0.001462,0.000828,167,19.74
8,tanh,AdamW,"[32, 16]",Dane2_standardise,0.001645,0.001649,0.001042,180,21.29
9,tanh,AdamW,"[32, 16]",Dane2_standardise,0.001651,0.001798,0.001022,155,18.32
10,tanh,AdamW,"[32, 16]",Dane2_standardise,0.001577,0.0019,0.000946,147,17.56
1,tanh,AdamW,"[32, 16]",Dane2_raw,0.016129,0.013217,0.014416,103,12.52
2,tanh,AdamW,"[32, 16]",Dane2_raw,0.015793,0.011924,0.01416,48,6.34
3,tanh,AdamW,"[32, 16]",Dane2_raw,0.018025,0.014448,0.016421,49,6.47
4,tanh,AdamW,"[32, 16]",Dane2_raw,0.015599,0.012649,0.014171,53,6.94
5,tanh,AdamW,"[32, 16]",Dane2_raw,0.018525,0.014437,0.016704,42,5.81
6,tanh,AdamW,"[32, 16]",Dane2_raw,0.017152,0.014091,0.015605,50,6.62
7,tanh,AdamW,"[32, 16]",Dane2_raw,0.017199,0.013895,0.015667,47,6.33
8,tanh,AdamW,"[32, 16]",Dane2_raw,0.017017,0.012352,0.014761,41,5.61
9,tanh,AdamW,"[32, 16]",Dane2_raw,0.016496,0.012762,0.014712,48,6.37
10,tanh,AdamW,"[32, 16]",Dane2_raw,0.019227,0.015502,0.017366,50,6.63
1,tanh,AdamW,"[32, 32]",Dane1_standardise,0.476309,0.483685,0.466774,11,2.55
2,tanh,AdamW,"[32, 32]",Dane1_standardise,0.472821,0.474969,0.462923,20,3.53
3,tanh,AdamW,"[32, 32]",Dane1_standardise,0.462227,0.485707,0.458302,28,4.56
4,tanh,AdamW,"[32, 32]",Dane1_standardise,0.462274,0.497135,0.460731,25,4.17
5,tanh,AdamW,"[32, 32]",Dane1_standardise,0.464579,0.506995,0.464174,16,3.05
6,tanh,AdamW,"[32, 32]",Dane1_standardise,0.473859,0.480679,0.464643,11,2.36
7,tanh,AdamW,"[32, 32]",Dane1_standardise,0.471726,0.489281,0.464835,11,2.36
8,tanh,AdamW,"[32, 32]",Dane1_standardise,0.462952,0.499452,0.461575,21,3.59
9,tanh,AdamW,"[32, 32]",Dane1_standardise,0.462656,0.479237,0.457303,36,5.61
10,tanh,AdamW,"[32, 32]",Dane1_standardise,0.467098,0.469791,0.45841,19,13.61
1,tanh,AdamW,"[32, 32]",Dane1_raw,0.265478,0.259463,0.260895,55,8.25
2,tanh,AdamW,"[32, 32]",Dane1_raw,0.220687,0.22996,0.223385,105,14.77
3,tanh,AdamW,"[32, 32]",Dane1_raw,0.250747,0.237892,0.246796,81,11.61
4,tanh,AdamW,"[32, 32]",Dane1_raw,0.244718,0.229495,0.240596,79,11.36
5,tanh,AdamW,"[32, 32]",Dane1_raw,0.281495,0.288156,0.27861,48,7.32
6,tanh,AdamW,"[32, 32]",Dane1_raw,0.256197,0.268443,0.257892,56,8.31
7,tanh,AdamW,"[32, 32]",Dane1_raw,0.275797,0.288694,0.274715,44,6.78
8,tanh,AdamW,"[32, 32]",Dane1_raw,0.243897,0.259571,0.247396,57,8.5
9,tanh,AdamW,"[32, 32]",Dane1_raw,0.28244,0.275071,0.275802,43,6.61
10,tanh,AdamW,"[32, 32]",Dane1_raw,0.310293,0.288126,0.298642,34,5.41
1,tanh,AdamW,"[32, 32]",Dane2_standardise,0.001615,0.001451,0.001025,166,20.09
2,tanh,AdamW,"[32, 32]",Dane2_standardise,0.001022,0.001179,0.000631,156,18.91
3,tanh,AdamW,"[32, 32]",Dane2_standardise,0.001213,0.001137,0.000734,132,16.17
4,tanh,AdamW,"[32, 32]",Dane2_standardise,0.001283,0.001353,0.000816,148,18.02
5,tanh,AdamW,"[32, 32]",Dane2_standardise,0.001144,0.001391,0.00065,144,17.62
6,tanh,AdamW,"[32, 32]",Dane2_standardise,0.001885,0.001638,0.001078,154,18.69
7,tanh,AdamW,"[32, 32]",Dane2_standardise,0.001504,0.001534,0.000965,151,18.33
8,tanh,AdamW,"[32, 32]",Dane2_standardise,0.001485,0.001605,0.00099,156,18.83
9,tanh,AdamW,"[32, 32]",Dane2_standardise,0.001525,0.001519,0.000947,150,18.19
10,tanh,AdamW,"[32, 32]",Dane2_standardise,0.001688,0.001817,0.00102,110,13.6
1,tanh,AdamW,"[32, 32]",Dane2_raw,0.014658,0.011105,0.013093,37,5.22
2,tanh,AdamW,"[32, 32]",Dane2_raw,0.014503,0.010551,0.012676,35,4.99
3,tanh,AdamW,"[32, 32]",Dane2_raw,0.015462,0.011768,0.013774,28,4.2
4,tanh,AdamW,"[32, 32]",Dane2_raw,0.015552,0.011935,0.013968,43,5.91
5,tanh,AdamW,"[32, 32]",Dane2_raw,0.016153,0.012764,0.014624,41,5.72
6,tanh,AdamW,"[32, 32]",Dane2_raw,0.013271,0.010448,0.012041,36,5.05
7,tanh,AdamW,"[32, 32]",Dane2_raw,0.015865,0.012148,0.014193,38,5.34
8,tanh,AdamW,"[32, 32]",Dane2_raw,0.014287,0.010919,0.012864,45,6.16
9,tanh,AdamW,"[32, 32]",Dane2_raw,0.015805,0.01183,0.014057,40,5.61
10,tanh,AdamW,"[32, 32]",Dane2_raw,0.013792,0.01111,0.012599,46,6.28
1,tanh,AdamW,"[64, 64, 32]",Dane1_standardise,0.484226,0.454457,0.467481,30,5.44
2,tanh,AdamW,"[64, 64, 32]",Dane1_standardise,0.485217,0.455112,0.468232,20,3.83
3,tanh,AdamW,"[64, 64, 32]",Dane1_standardise,0.478366,0.477322,0.467085,18,3.53
4,tanh,AdamW,"[64, 64, 32]",Dane1_standardise,0.477625,0.458787,0.463729,27,4.78
5,tanh,AdamW,"[64, 64, 32]",Dane1_standardise,0.466533,0.463474,0.456983,29,5.05
6,tanh,AdamW,"[64, 64, 32]",Dane1_standardise,0.493002,0.470094,0.476095,11,2.62
7,tanh,AdamW,"[64, 64, 32]",Dane1_standardise,0.493294,0.470557,0.476422,11,2.66
8,tanh,AdamW,"[64, 64, 32]",Dane1_standardise,0.467564,0.483065,0.461057,14,3.02
9,tanh,AdamW,"[64, 64, 32]",Dane1_standardise,0.551234,0.477513,0.521242,11,2.64
10,tanh,AdamW,"[64, 64, 32]",Dane1_standardise,0.468055,0.483336,0.461373,23,4.28
1,tanh,AdamW,"[64, 64, 32]",Dane1_raw,0.009614,0.012111,0.002306,102,14.84
2,tanh,AdamW,"[64, 64, 32]",Dane1_raw,0.009853,0.012388,0.003327,81,12.02
3,tanh,AdamW,"[64, 64, 32]",Dane1_raw,0.011936,0.014997,0.005296,82,12.17
4,tanh,AdamW,"[64, 64, 32]",Dane1_raw,0.008634,0.010249,0.001228,112,16.33
5,tanh,AdamW,"[64, 64, 32]",Dane1_raw,0.009377,0.010936,0.002086,96,14.12
6,tanh,AdamW,"[64, 64, 32]",Dane1_raw,0.010454,0.013685,0.004128,87,12.83
7,tanh,AdamW,"[64, 64, 32]",Dane1_raw,0.008658,0.010589,0.001747,108,15.73
8,tanh,AdamW,"[64, 64, 32]",Dane1_raw,0.009078,0.010764,0.001677,106,15.43
9,tanh,AdamW,"[64, 64, 32]",Dane1_raw,0.010845,0.012507,0.003183,81,12.11
10,tanh,AdamW,"[64, 64, 32]",Dane1_raw,0.012035,0.014738,0.005854,69,10.36
1,tanh,AdamW,"[64, 64, 32]",Dane2_standardise,0.002224,0.001855,0.001466,58,7.83
2,tanh,AdamW,"[64, 64, 32]",Dane2_standardise,0.002119,0.001716,0.001231,45,6.31
3,tanh,AdamW,"[64, 64, 32]",Dane2_standardise,0.001936,0.001688,0.001052,47,6.6
4,tanh,AdamW,"[64, 64, 32]",Dane2_standardise,0.002159,0.001984,0.001378,49,6.8
5,tanh,AdamW,"[64, 64, 32]",Dane2_standardise,0.001546,0.001437,0.000984,79,10.36
6,tanh,AdamW,"[64, 64, 32]",Dane2_standardise,0.002396,0.001506,0.001501,59,7.97
7,tanh,AdamW,"[64, 64, 32]",Dane2_standardise,0.002417,0.001844,0.001374,63,8.38
8,tanh,AdamW,"[64, 64, 32]",Dane2_standardise,0.001421,0.00148,0.000842,78,10.14
9,tanh,AdamW,"[64, 64, 32]",Dane2_standardise,0.001607,0.00147,0.000938,74,9.72
10,tanh,AdamW,"[64, 64, 32]",Dane2_standardise,0.002357,0.00277,0.00148,50,6.91
1,tanh,AdamW,"[64, 64, 32]",Dane2_raw,0.016809,0.012326,0.014963,23,3.86
2,tanh,AdamW,"[64, 64, 32]",Dane2_raw,0.001032,0.000809,0.000733,132,16.36
3,tanh,AdamW,"[64, 64, 32]",Dane2_raw,0.017356,0.012807,0.015501,22,3.73
4,tanh,AdamW,"[64, 64, 32]",Dane2_raw,0.016357,0.012081,0.014395,22,3.68
5,tanh,AdamW,"[64, 64, 32]",Dane2_raw,0.016296,0.012058,0.01425,23,3.8
6,tanh,AdamW,"[64, 64, 32]",Dane2_raw,0.014637,0.011628,0.013294,21,3.55
7,tanh,AdamW,"[64, 64, 32]",Dane2_raw,0.00104,0.000845,0.000756,131,16.19
8,tanh,AdamW,"[64, 64, 32]",Dane2_raw,0.01658,0.012317,0.014928,21,3.61
9,tanh,AdamW,"[64, 64, 32]",Dane2_raw,0.016529,0.01238,0.014722,21,3.59
10,tanh,AdamW,"[64, 64, 32]",Dane2_raw,0.017015,0.011861,0.015073,22,3.69
1,tanh,AdamW,"[128, 128, 64]",Dane1_standardise,0.466707,0.485023,0.460873,19,3.95
2,tanh,AdamW,"[128, 128, 64]",Dane1_standardise,0.481177,0.473972,0.468393,14,3.04
3,tanh,AdamW,"[128, 128, 64]",Dane1_standardise,0.503707,0.469084,0.483762,12,2.73
4,tanh,AdamW,"[128, 128, 64]",Dane1_standardise,0.464835,0.489814,0.460814,16,3.36
5,tanh,AdamW,"[128, 128, 64]",Dane1_standardise,0.470397,0.481759,0.462605,29,5.2
6,tanh,AdamW,"[128, 128, 64]",Dane1_standardise,0.486675,0.468819,0.47145,22,4.15
7,tanh,AdamW,"[128, 128, 64]",Dane1_standardise,0.477831,0.473779,0.46643,12,2.77
8,tanh,AdamW,"[128, 128, 64]",Dane1_standardise,0.476171,0.476939,0.465932,12,2.84
9,tanh,AdamW,"[128, 128, 64]",Dane1_standardise,0.466308,0.488761,0.46133,28,4.97
10,tanh,AdamW,"[128, 128, 64]",Dane1_standardise,0.488838,0.470444,0.4732,16,3.32
1,tanh,AdamW,"[128, 128, 64]",Dane1_raw,0.010938,0.013539,0.004131,56,8.91
2,tanh,AdamW,"[128, 128, 64]",Dane1_raw,0.009207,0.011736,0.002002,74,11.26
3,tanh,AdamW,"[128, 128, 64]",Dane1_raw,0.010647,0.014049,0.003797,62,9.6
4,tanh,AdamW,"[128, 128, 64]",Dane1_raw,0.010381,0.012547,0.0034,71,10.83
5,tanh,AdamW,"[128, 128, 64]",Dane1_raw,0.012954,0.016,0.00693,60,9.37
6,tanh,AdamW,"[128, 128, 64]",Dane1_raw,0.010208,0.01296,0.003066,63,9.76
7,tanh,AdamW,"[128, 128, 64]",Dane1_raw,0.01082,0.013227,0.004239,67,10.35
8,tanh,AdamW,"[128, 128, 64]",Dane1_raw,0.00932,0.012576,0.002464,67,10.4
9,tanh,AdamW,"[128, 128, 64]",Dane1_raw,0.008826,0.010607,0.001681,97,14.41
10,tanh,AdamW,"[128, 128, 64]",Dane1_raw,0.009713,0.011543,0.002296,69,10.66
1,tanh,AdamW,"[128, 128, 64]",Dane2_standardise,0.00109,0.001042,0.000638,50,6.97
2,tanh,AdamW,"[128, 128, 64]",Dane2_standardise,0.001798,0.001507,0.001003,39,5.66
3,tanh,AdamW,"[128, 128, 64]",Dane2_standardise,0.002151,0.001603,0.001299,36,5.39
4,tanh,AdamW,"[128, 128, 64]",Dane2_standardise,0.00134,0.00098,0.000943,59,8.02
5,tanh,AdamW,"[128, 128, 64]",Dane2_standardise,0.001679,0.001265,0.001102,47,6.64
6,tanh,AdamW,"[128, 128, 64]",Dane2_standardise,0.001434,0.001718,0.000953,33,4.98
7,tanh,AdamW,"[128, 128, 64]",Dane2_standardise,0.001477,0.001232,0.000909,54,7.41
8,tanh,AdamW,"[128, 128, 64]",Dane2_standardise,0.001592,0.001432,0.000934,49,6.94
9,tanh,AdamW,"[128, 128, 64]",Dane2_standardise,0.00167,0.001458,0.000993,55,7.6
10,tanh,AdamW,"[128, 128, 64]",Dane2_standardise,0.002421,0.001547,0.001537,38,5.58
1,tanh,AdamW,"[128, 128, 64]",Dane2_raw,0.014321,0.009919,0.01266,17,3.12
2,tanh,AdamW,"[128, 128, 64]",Dane2_raw,0.013347,0.010194,0.011817,19,3.47
3,tanh,AdamW,"[128, 128, 64]",Dane2_raw,0.013262,0.010576,0.012043,19,3.4
4,tanh,AdamW,"[128, 128, 64]",Dane2_raw,0.013011,0.010984,0.011821,19,3.37
5,tanh,AdamW,"[128, 128, 64]",Dane2_raw,0.013701,0.010773,0.012117,19,3.41
6,tanh,AdamW,"[128, 128, 64]",Dane2_raw,0.015974,0.010686,0.014104,17,3.19
7,tanh,AdamW,"[128, 128, 64]",Dane2_raw,0.014461,0.010065,0.012489,18,3.24
8,tanh,AdamW,"[128, 128, 64]",Dane2_raw,0.012314,0.010126,0.011062,27,4.34
9,tanh,AdamW,"[128, 128, 64]",Dane2_raw,0.012846,0.010019,0.011552,19,3.37
10,tanh,AdamW,"[128, 128, 64]",Dane2_raw,0.014655,0.010114,0.012554,17,3.2
1,tanh,AdamW,"[256, 256, 128]",Dane1_standardise,0.465549,0.488463,0.460918,12,3.21
2,tanh,AdamW,"[256, 256, 128]",Dane1_standardise,0.469614,0.485476,0.462763,26,5.22
3,tanh,AdamW,"[256, 256, 128]",Dane1_standardise,0.470906,0.482411,0.462992,19,4.16
4,tanh,AdamW,"[256, 256, 128]",Dane1_standardise,0.473225,0.479446,0.463973,18,4.0
5,tanh,AdamW,"[256, 256, 128]",Dane1_standardise,0.46396,0.492841,0.460779,21,4.41
6,tanh,AdamW,"[256, 256, 128]",Dane1_standardise,0.490546,0.470989,0.474649,14,3.38
7,tanh,AdamW,"[256, 256, 128]",Dane1_standardise,0.483073,0.47331,0.469615,19,4.09
8,tanh,AdamW,"[256, 256, 128]",Dane1_standardise,0.489126,0.471357,0.473572,11,2.88
9,tanh,AdamW,"[256, 256, 128]",Dane1_standardise,0.466497,0.486926,0.461302,13,3.11
10,tanh,AdamW,"[256, 256, 128]",Dane1_standardise,0.481354,0.47369,0.468573,12,3.06
1,tanh,AdamW,"[256, 256, 128]",Dane1_raw,0.012411,0.01608,0.007521,67,11.64
2,tanh,AdamW,"[256, 256, 128]",Dane1_raw,0.010546,0.011599,0.003586,64,11.14
3,tanh,AdamW,"[256, 256, 128]",Dane1_raw,0.010172,0.011873,0.003029,68,11.8
4,tanh,AdamW,"[256, 256, 128]",Dane1_raw,0.011071,0.013061,0.004164,67,11.61
5,tanh,AdamW,"[256, 256, 128]",Dane1_raw,0.01133,0.014478,0.004635,68,11.86
6,tanh,AdamW,"[256, 256, 128]",Dane1_raw,0.009426,0.011452,0.002177,72,12.56
7,tanh,AdamW,"[256, 256, 128]",Dane1_raw,0.009879,0.011787,0.003241,71,12.3
8,tanh,AdamW,"[256, 256, 128]",Dane1_raw,0.014436,0.019139,0.009709,52,9.33
9,tanh,AdamW,"[256, 256, 128]",Dane1_raw,0.01147,0.013567,0.004343,64,11.25
10,tanh,AdamW,"[256, 256, 128]",Dane1_raw,0.00935,0.01242,0.003048,65,11.36
1,tanh,AdamW,"[256, 256, 128]",Dane2_standardise,0.002677,0.001658,0.00195,35,5.55
2,tanh,AdamW,"[256, 256, 128]",Dane2_standardise,0.002124,0.001596,0.001323,33,5.22
3,tanh,AdamW,"[256, 256, 128]",Dane2_standardise,0.00129,0.000987,0.000786,35,5.53
4,tanh,AdamW,"[256, 256, 128]",Dane2_standardise,0.002906,0.001823,0.002092,27,4.52
5,tanh,AdamW,"[256, 256, 128]",Dane2_standardise,0.002175,0.001743,0.001301,25,4.33
6,tanh,AdamW,"[256, 256, 128]",Dane2_standardise,0.000774,0.000758,0.000475,52,7.66
7,tanh,AdamW,"[256, 256, 128]",Dane2_standardise,0.001782,0.00183,0.001125,26,4.42
8,tanh,AdamW,"[256, 256, 128]",Dane2_standardise,0.001239,0.000919,0.001016,46,6.84
9,tanh,AdamW,"[256, 256, 128]",Dane2_standardise,0.000748,0.000729,0.000435,69,9.68
10,tanh,AdamW,"[256, 256, 128]",Dane2_standardise,0.000943,0.000736,0.000506,66,9.7
1,tanh,AdamW,"[256, 256, 128]",Dane2_raw,0.011675,0.009421,0.010428,22,3.91
2,tanh,AdamW,"[256, 256, 128]",Dane2_raw,0.011802,0.009526,0.010831,34,5.52
3,tanh,AdamW,"[256, 256, 128]",Dane2_raw,0.012377,0.009256,0.011198,16,3.19
4,tanh,AdamW,"[256, 256, 128]",Dane2_raw,0.013001,0.009619,0.011309,15,3.03
5,tanh,AdamW,"[256, 256, 128]",Dane2_raw,0.012219,0.00947,0.010343,34,5.65
6,tanh,AdamW,"[256, 256, 128]",Dane2_raw,0.011326,0.00885,0.00999,48,7.56
7,tanh,AdamW,"[256, 256, 128]",Dane2_raw,0.011699,0.009482,0.010836,41,6.31
8,tanh,AdamW,"[256, 256, 128]",Dane2_raw,0.012003,0.009606,0.011098,42,6.38
9,tanh,AdamW,"[256, 256, 128]",Dane2_raw,0.012371,0.009203,0.01118,15,3.04
10,tanh,AdamW,"[256, 256, 128]",Dane2_raw,0.012184,0.008945,0.010711,15,3.03
1,tanh,SGD,[32],Dane1_standardise,0.477342,0.483027,0.46767,22,3.39
2,tanh,SGD,[32],Dane1_standardise,0.480238,0.473199,0.46762,16,2.61
3,tanh,SGD,[32],Dane1_standardise,0.480758,0.473052,0.467969,13,2.11
4,tanh,SGD,[32],Dane1_standardise,0.483245,0.476431,0.471408,24,3.52
5,tanh,SGD,[32],Dane1_standardise,0.477837,0.475003,0.466698,17,2.61
6,tanh,SGD,[32],Dane1_standardise,0.485682,0.482025,0.474419,14,2.24
7,tanh,SGD,[32],Dane1_standardise,0.505447,0.468387,0.485004,11,1.83
8,tanh,SGD,[32],Dane1_standardise,0.484424,0.472869,0.470493,11,1.84
9,tanh,SGD,[32],Dane1_standardise,0.515275,0.475155,0.493392,11,1.87
10,tanh,SGD,[32],Dane1_standardise,0.494885,0.472583,0.477829,11,1.86
1,tanh,SGD,[32],Dane1_raw,0.267682,0.251898,0.25892,41,5.62
2,tanh,SGD,[32],Dane1_raw,0.281816,0.267199,0.27352,28,3.97
3,tanh,SGD,[32],Dane1_raw,0.304152,0.275051,0.290579,38,5.22
4,tanh,SGD,[32],Dane1_raw,0.255085,0.251729,0.249839,48,6.56
5,tanh,SGD,[32],Dane1_raw,0.274873,0.277351,0.268664,25,3.64
6,tanh,SGD,[32],Dane1_raw,0.254201,0.263752,0.253133,40,5.58
7,tanh,SGD,[32],Dane1_raw,0.27589,0.280213,0.271037,30,4.27
8,tanh,SGD,[32],Dane1_raw,0.284326,0.256685,0.272071,32,4.53
9,tanh,SGD,[32],Dane1_raw,0.28558,0.276527,0.27723,31,4.39
10,tanh,SGD,[32],Dane1_raw,0.315127,0.302566,0.302948,33,4.72
1,tanh,SGD,[32],Dane2_standardise,0.001598,0.001142,0.000894,113,13.08
2,tanh,SGD,[32],Dane2_standardise,0.001722,0.001279,0.000987,130,14.91
3,tanh,SGD,[32],Dane2_standardise,0.002063,0.001417,0.001238,85,10.06
4,tanh,SGD,[32],Dane2_standardise,0.000826,0.000665,0.000496,138,15.7
5,tanh,SGD,[32],Dane2_standardise,0.001389,0.001085,0.000769,161,18.33
6,tanh,SGD,[32],Dane2_standardise,0.001468,0.000891,0.000826,140,16.06
7,tanh,SGD,[32],Dane2_standardise,0.000733,0.000609,0.000472,89,10.49
8,tanh,SGD,[32],Dane2_standardise,0.001511,0.001075,0.000887,114,13.14
9,tanh,SGD,[32],Dane2_standardise,0.000922,0.00069,0.000524,92,10.86
10,tanh,SGD,[32],Dane2_standardise,0.00098,0.00076,0.000607,108,12.58
1,tanh,SGD,[32],Dane2_raw,0.009969,0.008072,0.008919,141,16.13
2,tanh,SGD,[32],Dane2_raw,0.010804,0.008885,0.009737,48,5.9
3,tanh,SGD,[32],Dane2_raw,0.011902,0.009806,0.01084,32,4.09
4,tanh,SGD,[32],Dane2_raw,0.011608,0.009055,0.010407,46,5.65
5,tanh,SGD,[32],Dane2_raw,0.012114,0.009908,0.01102,28,3.67
6,tanh,SGD,[32],Dane2_raw,0.012209,0.009956,0.010942,43,5.3
7,tanh,SGD,[32],Dane2_raw,0.013004,0.010308,0.011891,23,3.13
8,tanh,SGD,[32],Dane2_raw,0.012112,0.009808,0.011243,27,3.5
9,tanh,SGD,[32],Dane2_raw,0.011501,0.009282,0.010428,33,4.22
10,tanh,SGD,[32],Dane2_raw,0.011488,0.009362,0.010321,37,4.67
1,tanh,SGD,"[32, 16]",Dane1_standardise,0.466991,0.496933,0.464581,13,2.41
2,tanh,SGD,"[32, 16]",Dane1_standardise,0.481477,0.468821,0.467764,15,2.52
3,tanh,SGD,"[32, 16]",Dane1_standardise,0.466165,0.487347,0.461083,16,2.63
4,tanh,SGD,"[32, 16]",Dane1_standardise,0.487806,0.469669,0.472456,11,1.97
5,tanh,SGD,"[32, 16]",Dane1_standardise,0.49381,0.467078,0.476221,17,2.75
6,tanh,SGD,"[32, 16]",Dane1_standardise,0.491051,0.457502,0.47286,18,2.94
7,tanh,SGD,"[32, 16]",Dane1_standardise,0.497803,0.470714,0.47993,11,1.98
8,tanh,SGD,"[32, 16]",Dane1_standardise,0.468887,0.485406,0.462669,30,4.44
9,tanh,SGD,"[32, 16]",Dane1_standardise,0.47551,0.468124,0.463714,24,3.7
10,tanh,SGD,"[32, 16]",Dane1_standardise,0.464682,0.485316,0.459604,17,2.76
1,tanh,SGD,"[32, 16]",Dane1_raw,0.086723,0.081509,0.089506,45,6.36
2,tanh,SGD,"[32, 16]",Dane1_raw,0.079584,0.076834,0.08375,63,8.69
3,tanh,SGD,"[32, 16]",Dane1_raw,0.068347,0.054718,0.064329,94,12.8
4,tanh,SGD,"[32, 16]",Dane1_raw,0.086386,0.081479,0.09102,67,9.22
5,tanh,SGD,"[32, 16]",Dane1_raw,0.051827,0.059945,0.055665,68,9.3
6,tanh,SGD,"[32, 16]",Dane1_raw,0.094479,0.093906,0.099452,68,9.39
7,tanh,SGD,"[32, 16]",Dane1_raw,0.076496,0.080563,0.082187,60,8.45
8,tanh,SGD,"[32, 16]",Dane1_raw,0.083426,0.081817,0.088156,48,7.09
9,tanh,SGD,"[32, 16]",Dane1_raw,0.090899,0.087742,0.096973,57,8.31
10,tanh,SGD,"[32, 16]",Dane1_raw,0.088276,0.094765,0.095594,39,5.89
1,tanh,SGD,"[32, 16]",Dane2_standardise,0.001061,0.001161,0.000693,125,16.33
2,tanh,SGD,"[32, 16]",Dane2_standardise,0.000589,0.000476,0.000324,127,16.15
3,tanh,SGD,"[32, 16]",Dane2_standardise,0.000491,0.000389,0.000252,172,23.72
4,tanh,SGD,"[32, 16]",Dane2_standardise,0.000978,0.001037,0.000716,64,8.4
5,tanh,SGD,"[32, 16]",Dane2_standardise,0.000402,0.00034,0.000225,165,19.86
6,tanh,SGD,"[32, 16]",Dane2_standardise,0.000647,0.000565,0.000413,111,13.21
7,tanh,SGD,"[32, 16]",Dane2_standardise,0.000546,0.0004,0.000353,152,17.7
8,tanh,SGD,"[32, 16]",Dane2_standardise,0.000921,0.000824,0.000523,120,14.08
9,tanh,SGD,"[32, 16]",Dane2_standardise,0.001358,0.001165,0.000762,79,9.57
10,tanh,SGD,"[32, 16]",Dane2_standardise,0.001129,0.001037,0.000657,85,10.17
1,tanh,SGD,"[32, 16]",Dane2_raw,0.000653,0.000243,0.000561,244,28.17
2,tanh,SGD,"[32, 16]",Dane2_raw,0.000421,0.000217,0.000352,195,22.56
3,tanh,SGD,"[32, 16]",Dane2_raw,0.012376,0.009491,0.010848,68,8.28
4,tanh,SGD,"[32, 16]",Dane2_raw,0.000331,0.000187,0.000203,252,28.72
5,tanh,SGD,"[32, 16]",Dane2_raw,0.000449,0.000319,0.000408,251,28.68
6,tanh,SGD,"[32, 16]",Dane2_raw,0.000999,0.000653,0.000721,191,22.09
7,tanh,SGD,"[32, 16]",Dane2_raw,0.000597,0.000244,0.000543,244,27.87
8,tanh,SGD,"[32, 16]",Dane2_raw,0.00036,0.000214,0.000298,293,33.68
9,tanh,SGD,"[32, 16]",Dane2_raw,0.000619,0.000386,0.000443,209,24.31
10,tanh,SGD,"[32, 16]",Dane2_raw,0.000578,0.000338,0.000387,264,30.24
1,tanh,SGD,"[32, 32]",Dane1_standardise,0.487493,0.486727,0.477647,18,3.0
2,tanh,SGD,"[32, 32]",Dane1_standardise,0.484504,0.470234,0.470092,15,2.48
3,tanh,SGD,"[32, 32]",Dane1_standardise,0.503944,0.465052,0.48351,12,2.1
4,tanh,SGD,"[32, 32]",Dane1_standardise,0.484521,0.475298,0.472294,16,2.66
5,tanh,SGD,"[32, 32]",Dane1_standardise,0.474764,0.475286,0.464327,19,3.05
6,tanh,SGD,"[32, 32]",Dane1_standardise,0.464208,0.490715,0.460478,21,3.28
7,tanh,SGD,"[32, 32]",Dane1_standardise,0.486833,0.464893,0.471474,20,3.17
8,tanh,SGD,"[32, 32]",Dane1_standardise,0.464533,0.49439,0.461606,12,2.13
9,tanh,SGD,"[32, 32]",Dane1_standardise,0.490718,0.476339,0.476834,15,2.51
10,tanh,SGD,"[32, 32]",Dane1_standardise,0.469935,0.479484,0.462235,20,3.16
1,tanh,SGD,"[32, 32]",Dane1_raw,0.26644,0.276534,0.262891,21,3.3
2,tanh,SGD,"[32, 32]",Dane1_raw,0.071687,0.071608,0.077001,83,23.52
3,tanh,SGD,"[32, 32]",Dane1_raw,0.079395,0.066559,0.079002,74,10.33
4,tanh,SGD,"[32, 32]",Dane1_raw,0.077865,0.074151,0.081929,89,12.3
5,tanh,SGD,"[32, 32]",Dane1_raw,0.323999,0.301414,0.310973,19,3.07
6,tanh,SGD,"[32, 32]",Dane1_raw,0.11235,0.104628,0.113826,72,10.31
7,tanh,SGD,"[32, 32]",Dane1_raw,0.077787,0.063484,0.07633,65,9.16
8,tanh,SGD,"[32, 32]",Dane1_raw,0.143016,0.112823,0.138067,39,5.74
9,tanh,SGD,"[32, 32]",Dane1_raw,0.068897,0.068067,0.072388,75,10.5
10,tanh,SGD,"[32, 32]",Dane1_raw,0.11137,0.115872,0.119428,46,6.63
1,tanh,SGD,"[32, 32]",Dane2_standardise,0.001139,0.000891,0.000652,86,10.51
2,tanh,SGD,"[32, 32]",Dane2_standardise,0.001097,0.000945,0.000637,69,8.59
3,tanh,SGD,"[32, 32]",Dane2_standardise,0.000635,0.000532,0.000329,127,15.17
4,tanh,SGD,"[32, 32]",Dane2_standardise,0.000753,0.000573,0.000442,93,11.38
5,tanh,SGD,"[32, 32]",Dane2_standardise,0.001143,0.000847,0.00067,91,11.14
6,tanh,SGD,"[32, 32]",Dane2_standardise,0.000642,0.000466,0.000364,83,10.19
7,tanh,SGD,"[32, 32]",Dane2_standardise,0.000876,0.000821,0.000519,57,7.19
8,tanh,SGD,"[32, 32]",Dane2_standardise,0.000682,0.000605,0.000362,84,10.3
9,tanh,SGD,"[32, 32]",Dane2_standardise,0.001086,0.000913,0.000635,79,9.77
10,tanh,SGD,"[32, 32]",Dane2_standardise,0.000454,0.000269,0.000267,110,13.3
1,tanh,SGD,"[32, 32]",Dane2_raw,0.0137,0.010591,0.012075,34,4.56
2,tanh,SGD,"[32, 32]",Dane2_raw,0.012539,0.009342,0.011175,83,10.19
3,tanh,SGD,"[32, 32]",Dane2_raw,0.012034,0.009415,0.010774,86,10.58
4,tanh,SGD,"[32, 32]",Dane2_raw,0.010988,0.008733,0.009944,92,11.2
5,tanh,SGD,"[32, 32]",Dane2_raw,0.013022,0.010048,0.011505,65,8.14
6,tanh,SGD,"[32, 32]",Dane2_raw,0.01236,0.009785,0.011012,71,8.84
7,tanh,SGD,"[32, 32]",Dane2_raw,0.013075,0.010209,0.011529,66,8.27
8,tanh,SGD,"[32, 32]",Dane2_raw,0.014263,0.011128,0.012465,37,4.89
9,tanh,SGD,"[32, 32]",Dane2_raw,0.000631,0.000367,0.000466,282,33.15
10,tanh,SGD,"[32, 32]",Dane2_raw,0.009616,0.007128,0.008659,131,15.66
1,tanh,SGD,"[64, 64, 32]",Dane1_standardise,0.462232,0.499468,0.461256,20,3.34
2,tanh,SGD,"[64, 64, 32]",Dane1_standardise,0.465958,0.494217,0.463066,28,4.39
3,tanh,SGD,"[64, 64, 32]",Dane1_standardise,0.465193,0.491783,0.461265,19,3.19
4,tanh,SGD,"[64, 64, 32]",Dane1_standardise,0.461978,0.500427,0.461274,13,2.39
5,tanh,SGD,"[64, 64, 32]",Dane1_standardise,0.490546,0.474869,0.476096,15,2.64
6,tanh,SGD,"[64, 64, 32]",Dane1_standardise,0.477913,0.4748,0.466587,13,2.41
7,tanh,SGD,"[64, 64, 32]",Dane1_standardise,0.509008,0.47187,0.488716,11,2.14
8,tanh,SGD,"[64, 64, 32]",Dane1_standardise,0.465076,0.48113,0.45905,18,3.02
9,tanh,SGD,"[64, 64, 32]",Dane1_standardise,0.555303,0.489307,0.526499,13,2.39
10,tanh,SGD,"[64, 64, 32]",Dane1_standardise,0.461296,0.503217,0.461811,17,2.88
1,tanh,SGD,"[64, 64, 32]",Dane1_raw,0.028718,0.033302,0.028095,36,5.47
2,tanh,SGD,"[64, 64, 32]",Dane1_raw,0.026916,0.029618,0.021856,51,7.49
3,tanh,SGD,"[64, 64, 32]",Dane1_raw,0.017719,0.018537,0.011207,61,8.8
4,tanh,SGD,"[64, 64, 32]",Dane1_raw,0.035297,0.032826,0.027891,50,7.45
5,tanh,SGD,"[64, 64, 32]",Dane1_raw,0.013284,0.017099,0.007336,56,8.1
6,tanh,SGD,"[64, 64, 32]",Dane1_raw,0.014844,0.016698,0.008635,83,11.66
7,tanh,SGD,"[64, 64, 32]",Dane1_raw,0.033764,0.037826,0.031468,36,5.51
8,tanh,SGD,"[64, 64, 32]",Dane1_raw,0.033807,0.040409,0.033858,56,8.09
9,tanh,SGD,"[64, 64, 32]",Dane1_raw,0.054681,0.062768,0.059137,35,5.3
10,tanh,SGD,"[64, 64, 32]",Dane1_raw,0.017494,0.020316,0.01259,61,8.75
1,tanh,SGD,"[64, 64, 32]",Dane2_standardise,0.000979,0.000874,0.000557,69,8.65
2,tanh,SGD,"[64, 64, 32]",Dane2_standardise,0.001362,0.001329,0.000759,49,6.34
3,tanh,SGD,"[64, 64, 32]",Dane2_standardise,0.000553,0.000315,0.000321,89,10.97
4,tanh,SGD,"[64, 64, 32]",Dane2_standardise,0.00113,0.000964,0.000625,78,9.64
5,tanh,SGD,"[64, 64, 32]",Dane2_standardise,0.000554,0.000346,0.000321,126,15.16
6,tanh,SGD,"[64, 64, 32]",Dane2_standardise,0.000635,0.000422,0.000472,141,16.95
7,tanh,SGD,"[64, 64, 32]",Dane2_standardise,0.001004,0.000841,0.000636,91,11.22
8,tanh,SGD,"[64, 64, 32]",Dane2_standardise,0.000475,0.000324,0.000263,105,12.81
9,tanh,SGD,"[64, 64, 32]",Dane2_standardise,0.001359,0.001243,0.00086,68,8.52
10,tanh,SGD,"[64, 64, 32]",Dane2_standardise,0.001142,0.000966,0.000694,75,9.32
1,tanh,SGD,"[64, 64, 32]",Dane2_raw,0.0129,0.009496,0.011321,66,8.32
2,tanh,SGD,"[64, 64, 32]",Dane2_raw,0.012644,0.010293,0.01126,64,8.06
3,tanh,SGD,"[64, 64, 32]",Dane2_raw,0.016551,0.01221,0.014477,33,4.53
4,tanh,SGD,"[64, 64, 32]",Dane2_raw,0.016062,0.012176,0.014058,29,4.03
5,tanh,SGD,"[64, 64, 32]",Dane2_raw,0.015184,0.012001,0.01308,30,4.19
6,tanh,SGD,"[64, 64, 32]",Dane2_raw,0.000382,0.000211,0.000241,188,22.46
7,tanh,SGD,"[64, 64, 32]",Dane2_raw,0.000823,0.000465,0.000507,159,18.91
8,tanh,SGD,"[64, 64, 32]",Dane2_raw,0.016223,0.012237,0.014396,34,4.63
9,tanh,SGD,"[64, 64, 32]",Dane2_raw,0.013316,0.009967,0.01161,42,5.53
10,tanh,SGD,"[64, 64, 32]",Dane2_raw,0.012514,0.0098,0.011139,59,7.51
1,tanh,SGD,"[128, 128, 64]",Dane1_standardise,0.477168,0.47595,0.46599,13,2.45
2,tanh,SGD,"[128, 128, 64]",Dane1_standardise,0.464117,0.494323,0.461156,12,2.33
3,tanh,SGD,"[128, 128, 64]",Dane1_standardise,0.493506,0.494199,0.484227,12,2.3
4,tanh,SGD,"[128, 128, 64]",Dane1_standardise,0.53068,0.480235,0.505982,13,2.42
5,tanh,SGD,"[128, 128, 64]",Dane1_standardise,0.462611,0.497125,0.46093,18,3.2
6,tanh,SGD,"[128, 128, 64]",Dane1_standardise,0.461741,0.499003,0.460928,23,3.78
7,tanh,SGD,"[128, 128, 64]",Dane1_standardise,0.461029,0.503935,0.461644,21,3.5
8,tanh,SGD,"[128, 128, 64]",Dane1_standardise,0.476524,0.476501,0.465675,14,2.55
9,tanh,SGD,"[128, 128, 64]",Dane1_standardise,0.466553,0.502876,0.466135,17,2.97
10,tanh,SGD,"[128, 128, 64]",Dane1_standardise,0.461352,0.502371,0.461743,23,3.75
1,tanh,SGD,"[128, 128, 64]",Dane1_raw,0.012055,0.013852,0.004735,54,7.99
2,tanh,SGD,"[128, 128, 64]",Dane1_raw,0.024413,0.028358,0.020536,42,6.42
3,tanh,SGD,"[128, 128, 64]",Dane1_raw,0.020091,0.020734,0.012413,49,7.33
4,tanh,SGD,"[128, 128, 64]",Dane1_raw,0.034678,0.038532,0.033175,40,6.11
5,tanh,SGD,"[128, 128, 64]",Dane1_raw,0.01084,0.013856,0.004792,51,7.64
6,tanh,SGD,"[128, 128, 64]",Dane1_raw,0.043445,0.048435,0.042749,39,5.98
7,tanh,SGD,"[128, 128, 64]",Dane1_raw,0.012436,0.016494,0.005879,88,12.55
8,tanh,SGD,"[128, 128, 64]",Dane1_raw,0.020732,0.022337,0.01613,60,8.83
9,tanh,SGD,"[128, 128, 64]",Dane1_raw,0.012772,0.014599,0.00607,86,12.42
10,tanh,SGD,"[128, 128, 64]",Dane1_raw,0.018927,0.024362,0.013884,66,9.62
1,tanh,SGD,"[128, 128, 64]",Dane2_standardise,0.001049,0.000691,0.000588,93,11.64
2,tanh,SGD,"[128, 128, 64]",Dane2_standardise,0.000793,0.000553,0.000401,99,12.11
3,tanh,SGD,"[128, 128, 64]",Dane2_standardise,0.002043,0.001436,0.001238,67,8.53
4,tanh,SGD,"[128, 128, 64]",Dane2_standardise,0.000667,0.000456,0.000392,115,14.0
5,tanh,SGD,"[128, 128, 64]",Dane2_standardise,0.000425,0.000228,0.000227,200,23.9
6,tanh,SGD,"[128, 128, 64]",Dane2_standardise,0.000833,0.000749,0.000463,93,11.48
7,tanh,SGD,"[128, 128, 64]",Dane2_standardise,0.000637,0.000363,0.000417,160,19.24
8,tanh,SGD,"[128, 128, 64]",Dane2_standardise,0.001141,0.000996,0.000673,78,9.93
9,tanh,SGD,"[128, 128, 64]",Dane2_standardise,0.001119,0.000947,0.000695,92,11.6
10,tanh,SGD,"[128, 128, 64]",Dane2_standardise,0.001501,0.001403,0.000969,75,10.49
1,tanh,SGD,"[128, 128, 64]",Dane2_raw,0.012763,0.010296,0.011258,37,5.4
2,tanh,SGD,"[128, 128, 64]",Dane2_raw,0.014497,0.011088,0.012753,18,3.14
3,tanh,SGD,"[128, 128, 64]",Dane2_raw,0.015149,0.010992,0.013385,27,4.19
4,tanh,SGD,"[128, 128, 64]",Dane2_raw,0.013406,0.010775,0.011888,37,5.0
5,tanh,SGD,"[128, 128, 64]",Dane2_raw,0.01227,0.009453,0.010831,54,7.59
6,tanh,SGD,"[128, 128, 64]",Dane2_raw,0.01418,0.010483,0.012405,16,2.55
7,tanh,SGD,"[128, 128, 64]",Dane2_raw,0.012767,0.010332,0.011222,29,4.36
8,tanh,SGD,"[128, 128, 64]",Dane2_raw,0.012638,0.009395,0.011049,61,8.05
9,tanh,SGD,"[128, 128, 64]",Dane2_raw,0.013724,0.009696,0.012026,42,5.61
10,tanh,SGD,"[128, 128, 64]",Dane2_raw,0.013031,0.009956,0.01143,33,4.5
1,tanh,SGD,"[256, 256, 128]",Dane1_standardise,0.516075,0.485969,0.496365,11,2.39
2,tanh,SGD,"[256, 256, 128]",Dane1_standardise,0.471469,0.480479,0.46319,15,2.95
3,tanh,SGD,"[256, 256, 128]",Dane1_standardise,0.474847,0.483972,0.466996,11,2.31
4,tanh,SGD,"[256, 256, 128]",Dane1_standardise,0.468278,0.486589,0.462138,17,3.2
5,tanh,SGD,"[256, 256, 128]",Dane1_standardise,0.462553,0.501159,0.46247,45,7.44
6,tanh,SGD,"[256, 256, 128]",Dane1_standardise,0.502782,0.472556,0.483625,11,2.31
7,tanh,SGD,"[256, 256, 128]",Dane1_standardise,0.470497,0.484098,0.46365,14,2.72
8,tanh,SGD,"[256, 256, 128]",Dane1_standardise,0.518995,0.476517,0.497679,12,2.48
9,tanh,SGD,"[256, 256, 128]",Dane1_standardise,0.477035,0.476672,0.466073,11,2.3
10,tanh,SGD,"[256, 256, 128]",Dane1_standardise,0.507859,0.473417,0.487527,13,2.61
1,tanh,SGD,"[256, 256, 128]",Dane1_raw,0.037161,0.034729,0.032584,38,6.31
2,tanh,SGD,"[256, 256, 128]",Dane1_raw,0.017838,0.019816,0.010744,61,9.87
3,tanh,SGD,"[256, 256, 128]",Dane1_raw,0.471154,0.468858,0.46081,23,4.11
4,tanh,SGD,"[256, 256, 128]",Dane1_raw,0.542517,0.473509,0.513748,12,2.41
5,tanh,SGD,"[256, 256, 128]",Dane1_raw,0.481123,0.466534,0.467329,14,2.76
6,tanh,SGD,"[256, 256, 128]",Dane1_raw,0.478484,0.465118,0.46534,25,4.38
7,tanh,SGD,"[256, 256, 128]",Dane1_raw,0.491675,0.475629,0.476823,11,2.31
8,tanh,SGD,"[256, 256, 128]",Dane1_raw,0.048781,0.052222,0.049417,46,7.5
9,tanh,SGD,"[256, 256, 128]",Dane1_raw,0.476476,0.476081,0.465518,24,4.27
10,tanh,SGD,"[256, 256, 128]",Dane1_raw,0.02778,0.034164,0.025922,54,8.76
1,tanh,SGD,"[256, 256, 128]",Dane2_standardise,0.001545,0.001068,0.000867,119,15.2
2,tanh,SGD,"[256, 256, 128]",Dane2_standardise,0.000478,0.000356,0.000275,163,20.35
3,tanh,SGD,"[256, 256, 128]",Dane2_standardise,0.001753,0.001009,0.001042,106,13.53
4,tanh,SGD,"[256, 256, 128]",Dane2_standardise,0.002165,0.001852,0.001281,61,8.09
5,tanh,SGD,"[256, 256, 128]",Dane2_standardise,0.00129,0.000723,0.000778,123,15.56
6,tanh,SGD,"[256, 256, 128]",Dane2_standardise,0.001593,0.001266,0.00093,97,12.44
7,tanh,SGD,"[256, 256, 128]",Dane2_standardise,0.000657,0.000327,0.000349,200,24.9
8,tanh,SGD,"[256, 256, 128]",Dane2_standardise,0.001915,0.001495,0.001097,65,8.66
9,tanh,SGD,"[256, 256, 128]",Dane2_standardise,0.00187,0.001256,0.001036,83,10.87
10,tanh,SGD,"[256, 256, 128]",Dane2_standardise,0.001876,0.000992,0.001068,120,15.13
1,tanh,SGD,"[256, 256, 128]",Dane2_raw,0.014405,0.009995,0.012814,19,2.99
2,tanh,SGD,"[256, 256, 128]",Dane2_raw,0.01225,0.0095,0.010898,25,3.69
3,tanh,SGD,"[256, 256, 128]",Dane2_raw,0.013332,0.009636,0.012066,19,3.09
4,tanh,SGD,"[256, 256, 128]",Dane2_raw,0.012466,0.009699,0.011098,27,4.05
5,tanh,SGD,"[256, 256, 128]",Dane2_raw,0.012417,0.009315,0.011006,18,2.94
6,tanh,SGD,"[256, 256, 128]",Dane2_raw,0.011826,0.009287,0.010467,46,6.28
7,tanh,SGD,"[256, 256, 128]",Dane2_raw,0.012102,0.009479,0.010654,23,3.5
8,tanh,SGD,"[256, 256, 128]",Dane2_raw,0.01219,0.009348,0.010842,28,4.07
9,tanh,SGD,"[256, 256, 128]",Dane2_raw,0.012992,0.009524,0.011445,28,4.28
10,tanh,SGD,"[256, 256, 128]",Dane2_raw,0.01219,0.008941,0.010613,27,4.04
